id,x,y,color
0,0,0,blue
0,2.208,-4.035,yellow
0,7.055,3.961,blue
0,9.346,-0.028,yellow
0,14.214,8.14,blue
0,16.556,4.181,yellow
0,19.024,11.003,blue
0,21.385,7.055,yellow
0,23.853,13.896,blue
0,26.219,9.952,yellow
0,28.687,16.793,blue
0,31.048,12.845,yellow
0,33.516,19.667,blue
0,35.858,15.708,yellow
0,40.726,23.876,blue
0,43.017,19.887,yellow
0,47.864,27.883,blue
0,50.072,23.848,yellow
0,31.103,5.613,blue
0,33.456,9.566,yellow
0,16.616,14.282,blue
0,18.969,18.235,yellow
0,14.214,8.14,blue
0,28.687,16.793,blue
1,2.338,1.291,blue
1,4.577,-2.727,yellow
1,9.432,5.334,blue
1,11.743,1.357,yellow
1,16.616,9.566,blue
1,18.969,5.613,yellow
1,21.437,12.447,blue
1,23.802,8.502,yellow
1,26.27,15.346,blue
1,28.635,11.401,yellow
1,31.103,18.235,blue
1,33.456,14.282,yellow
1,35.926,21.087,blue
1,38.254,17.12,yellow
1,43.115,25.238,blue
1,45.382,21.235,yellow
1,50.22,29.16,blue
1,52.393,25.106,yellow
1,28.687,7.055,blue
1,31.048,11.003,yellow
1,14.214,15.708,blue
1,16.556,19.667,yellow
2,4.69,2.613,blue
2,6.957,-1.39,yellow
2,11.818,6.728,blue
2,14.146,2.761,yellow
2,19.024,11.003,blue
2,21.385,7.055,yellow
2,23.853,13.896,blue
2,26.219,9.952,yellow
2,28.687,16.793,blue
2,31.048,12.845,yellow
2,33.516,19.667,blue
2,35.858,15.708,yellow
2,38.329,22.491,blue
2,40.64,18.514,yellow
2,45.495,26.575,blue
2,47.734,22.557,yellow
2,52.563,30.402,blue
2,54.698,26.327,yellow
2,26.27,8.502,blue
2,28.635,12.447,yellow
2,11.818,17.12,blue
2,14.146,21.087,yellow
3,7.055,3.961,blue
3,9.346,-0.028,yellow
3,14.214,8.14,blue
3,16.556,4.181,yellow
3,21.437,12.447,blue
3,23.802,8.502,yellow
3,26.27,15.346,blue
3,28.635,11.401,yellow
3,31.103,18.235,blue
3,33.456,14.282,yellow
3,35.926,21.087,blue
3,38.254,17.12,yellow
3,40.726,23.876,blue
3,43.017,19.887,yellow
3,47.864,27.883,blue
3,50.072,23.848,yellow
3,54.892,31.606,blue
3,56.983,27.509,yellow
3,23.853,9.952,blue
3,26.219,13.896,yellow
3,9.432,18.514,blue
3,11.743,22.491,yellow
3,21.437,12.447,blue
4,9.432,5.334,blue
4,11.743,1.357,yellow
4,16.616,9.566,blue
4,18.969,5.613,yellow
4,23.853,13.896,blue
4,26.219,9.952,yellow
4,28.687,16.793,blue
4,31.048,12.845,yellow
4,33.516,19.667,blue
4,35.858,15.708,yellow
4,38.329,22.491,blue
4,40.64,18.514,yellow
4,43.115,25.238,blue
4,45.382,21.235,yellow
4,50.22,29.16,blue
4,52.393,25.106,yellow
4,57.205,32.77,blue
4,59.249,28.649,yellow
4,21.437,11.401,blue
4,23.802,15.346,yellow
4,7.055,19.887,blue
4,9.346,23.876,yellow
5,11.818,6.728,blue
5,14.146,2.761,yellow
5,19.024,11.003,blue
5,21.385,7.055,yellow
5,26.27,15.346,blue
5,28.635,11.401,yellow
5,31.103,18.235,blue
5,33.456,14.282,yellow
5,35.926,21.087,blue
5,38.254,17.12,yellow
5,40.726,23.876,blue
5,43.017,19.887,yellow
5,45.495,26.575,blue
5,47.734,22.557,yellow
5,52.563,30.402,blue
5,54.698,26.327,yellow
5,59.501,33.891,blue
5,61.492,29.744,yellow
6,16.616,9.566,blue
6,18.969,5.613,yellow
6,23.853,13.896,blue
6,26.219,9.952,yellow
6,31.103,18.235,blue
6,33.456,14.282,yellow
6,35.926,21.087,blue
6,38.254,17.12,yellow
6,40.726,23.876,blue
6,43.017,19.887,yellow
6,45.495,26.575,blue
6,47.734,22.557,yellow
6,50.22,29.16,blue
6,52.393,25.106,yellow
6,57.205,32.77,blue
6,59.249,28.649,yellow
6,64.036,35.993,blue
6,65.909,31.791,yellow
6,31.103,18.235,blue
7,19.024,11.003,blue
7,21.385,7.055,yellow
7,26.27,15.346,blue
7,28.635,11.401,yellow
7,33.516,19.667,blue
7,35.858,15.708,yellow
7,38.329,22.491,blue
7,40.64,18.514,yellow
7,43.115,25.238,blue
7,45.382,21.235,yellow
7,47.864,27.883,blue
7,50.072,23.848,yellow
7,52.563,30.402,blue
7,54.698,26.327,yellow
7,59.501,33.891,blue
7,61.492,29.744,yellow
7,66.274,36.969,blue
7,68.079,32.738,yellow
7,47.864,27.883,blue
8,21.437,12.447,blue
8,23.802,8.502,yellow
8,28.687,16.793,blue
8,31.048,12.845,yellow
8,35.926,21.087,blue
8,38.254,17.12,yellow
8,40.726,23.876,blue
8,43.017,19.887,yellow
8,45.495,26.575,blue
8,47.734,22.557,yellow
8,50.22,29.16,blue
8,52.393,25.106,yellow
8,54.892,31.606,blue
8,56.983,27.509,yellow
8,61.778,34.966,blue
8,63.713,30.793,yellow
8,68.489,37.892,blue
8,70.221,33.631,yellow
9,23.853,13.896,blue
9,26.219,9.952,yellow
9,31.103,18.235,blue
9,33.456,14.282,yellow
9,38.329,22.491,blue
9,40.64,18.514,yellow
9,43.115,25.238,blue
9,45.382,21.235,yellow
9,47.864,27.883,blue
9,50.072,23.848,yellow
9,52.563,30.402,blue
9,54.698,26.327,yellow
9,57.205,32.77,blue
9,59.249,28.649,yellow
9,64.036,35.993,blue
9,65.909,31.791,yellow
9,70.682,38.76,blue
9,72.335,34.467,yellow
9,38.329,22.491,blue
10,26.27,15.346,blue
10,28.635,11.401,yellow
10,33.516,19.667,blue
10,35.858,15.708,yellow
10,40.726,23.876,blue
10,43.017,19.887,yellow
10,45.495,26.575,blue
10,47.734,22.557,yellow
10,50.22,29.16,blue
10,52.393,25.106,yellow
10,54.892,31.606,blue
10,56.983,27.509,yellow
10,59.501,33.891,blue
10,61.492,29.744,yellow
10,66.274,36.969,blue
10,68.079,32.738,yellow
10,72.851,39.571,blue
10,74.418,35.246,yellow
11,31.103,18.235,blue
11,33.456,14.282,yellow
11,38.329,22.491,blue
11,40.64,18.514,yellow
11,45.495,26.575,blue
11,47.734,22.557,yellow
11,50.22,29.16,blue
11,52.393,25.106,yellow
11,54.892,31.606,blue
11,56.983,27.509,yellow
11,59.501,33.891,blue
11,61.492,29.744,yellow
11,64.036,35.993,blue
11,65.909,31.791,yellow
11,70.682,38.76,blue
11,72.335,34.467,yellow
11,77.113,41.012,blue
11,78.487,36.622,yellow
12,33.516,19.667,blue
12,35.858,15.708,yellow
12,40.726,23.876,blue
12,43.017,19.887,yellow
12,47.864,27.883,blue
12,50.072,23.848,yellow
12,52.563,30.402,blue
12,54.698,26.327,yellow
12,57.205,32.77,blue
12,59.249,28.649,yellow
12,61.778,34.966,blue
12,63.713,30.793,yellow
12,66.274,36.969,blue
12,68.079,32.738,yellow
12,72.851,39.571,blue
12,74.418,35.246,yellow
12,79.204,41.639,blue
12,80.471,37.217,yellow
12,47.864,27.883,blue
13,35.926,21.087,blue
13,38.254,17.12,yellow
13,43.115,25.238,blue
13,45.382,21.235,yellow
13,50.22,29.16,blue
13,52.393,25.106,yellow
13,54.892,31.606,blue
13,56.983,27.509,yellow
13,59.501,33.891,blue
13,61.492,29.744,yellow
13,64.036,35.993,blue
13,65.909,31.791,yellow
13,68.489,37.892,blue
13,70.221,33.631,yellow
13,74.995,40.322,blue
13,76.469,35.964,yellow
13,81.267,42.201,blue
13,82.418,37.748,yellow
14,38.329,22.491,blue
14,40.64,18.514,yellow
14,45.495,26.575,blue
14,47.734,22.557,yellow
14,52.563,30.402,blue
14,54.698,26.327,yellow
14,57.205,32.77,blue
14,59.249,28.649,yellow
14,61.778,34.966,blue
14,63.713,30.793,yellow
14,66.274,36.969,blue
14,68.079,32.738,yellow
14,70.682,38.76,blue
14,72.335,34.467,yellow
14,77.113,41.012,blue
14,78.487,36.622,yellow
14,83.301,42.698,blue
14,84.328,38.214,yellow
14,66.274,36.969,blue
15,40.726,23.876,blue
15,43.017,19.887,yellow
15,47.864,27.883,blue
15,50.072,23.848,yellow
15,54.892,31.606,blue
15,56.983,27.509,yellow
15,59.501,33.891,blue
15,61.492,29.744,yellow
15,64.036,35.993,blue
15,65.909,31.791,yellow
15,68.489,37.892,blue
15,70.221,33.631,yellow
15,72.851,39.571,blue
15,74.418,35.246,yellow
15,79.204,41.639,blue
15,80.471,37.217,yellow
15,85.305,43.126,blue
15,86.2,38.614,yellow
15,54.892,31.606,blue
16,43.115,25.238,blue
16,45.382,21.235,yellow
16,50.22,29.16,blue
16,52.393,25.106,yellow
16,57.205,32.77,blue
16,59.249,28.649,yellow
16,61.778,34.966,blue
16,63.713,30.793,yellow
16,66.274,36.969,blue
16,68.079,32.738,yellow
16,70.682,38.76,blue
16,72.335,34.467,yellow
16,74.995,40.322,blue
16,76.469,35.964,yellow
16,81.267,42.201,blue
16,82.418,37.748,yellow
16,87.278,43.486,blue
16,88.031,38.948,yellow
17,47.864,27.883,blue
17,50.072,23.848,yellow
17,54.892,31.606,blue
17,56.983,27.509,yellow
17,61.778,34.966,blue
17,63.713,30.793,yellow
17,66.274,36.969,blue
17,68.079,32.738,yellow
17,70.682,38.76,blue
17,72.335,34.467,yellow
17,74.995,40.322,blue
17,76.469,35.964,yellow
17,79.204,41.639,blue
17,80.471,37.217,yellow
17,85.305,43.126,blue
17,86.2,38.614,yellow
17,91.127,43.995,blue
17,91.569,39.416,yellow
18,50.22,29.16,blue
18,52.393,25.106,yellow
18,57.205,32.77,blue
18,59.249,28.649,yellow
18,64.036,35.993,blue
18,65.909,31.791,yellow
18,68.489,37.892,blue
18,70.221,33.631,yellow
18,72.851,39.571,blue
18,74.418,35.246,yellow
18,77.113,41.012,blue
18,78.487,36.622,yellow
18,81.267,42.201,blue
18,82.418,37.748,yellow
18,87.278,43.486,blue
18,88.031,38.948,yellow
18,93.001,44.141,blue
18,93.274,39.549,yellow
18,64.036,35.993,blue
19,52.563,30.402,blue
19,54.698,26.327,yellow
19,59.501,33.891,blue
19,61.492,29.744,yellow
19,66.274,36.969,blue
19,68.079,32.738,yellow
19,70.682,38.76,blue
19,72.335,34.467,yellow
19,74.995,40.322,blue
19,76.469,35.964,yellow
19,79.204,41.639,blue
19,80.471,37.217,yellow
19,83.301,42.698,blue
19,84.328,38.214,yellow
19,89.219,43.776,blue
19,89.822,39.216,yellow
19,94.841,44.215,blue
19,94.934,39.616,yellow
20,54.892,31.606,blue
20,56.983,27.509,yellow
20,61.778,34.966,blue
20,63.713,30.793,yellow
20,68.489,37.892,blue
20,70.221,33.631,yellow
20,72.851,39.571,blue
20,74.418,35.246,yellow
20,77.113,41.012,blue
20,78.487,36.622,yellow
20,81.267,42.201,blue
20,82.418,37.748,yellow
20,85.305,43.126,blue
20,86.2,38.614,yellow
20,91.127,43.995,blue
20,91.569,39.416,yellow
20,96.644,44.215,blue
20,96.548,39.616,yellow
21,57.205,32.77,blue
21,59.249,28.649,yellow
21,64.036,35.993,blue
21,65.909,31.791,yellow
21,70.682,38.76,blue
21,72.335,34.467,yellow
21,74.995,40.322,blue
21,76.469,35.964,yellow
21,79.204,41.639,blue
21,80.471,37.217,yellow
21,83.301,42.698,blue
21,84.328,38.214,yellow
21,87.278,43.486,blue
21,88.031,38.948,yellow
21,93.001,44.141,blue
21,93.274,39.549,yellow
21,98.409,44.141,blue
21,98.116,39.55,yellow
21,70.682,38.76,blue
21,83.301,42.698,blue
22,61.778,34.966,blue
22,63.713,30.793,yellow
22,68.489,37.892,blue
22,70.221,33.631,yellow
22,74.995,40.322,blue
22,76.469,35.964,yellow
22,79.204,41.639,blue
22,80.471,37.217,yellow
22,83.301,42.698,blue
22,84.328,38.214,yellow
22,87.278,43.486,blue
22,88.031,38.948,yellow
22,91.127,43.995,blue
22,91.569,39.416,yellow
22,96.644,44.215,blue
22,96.548,39.616,yellow
22,101.824,43.768,blue
22,101.112,39.223,yellow
23,64.036,35.993,blue
23,65.909,31.791,yellow
23,70.682,38.76,blue
23,72.335,34.467,yellow
23,77.113,41.012,blue
23,78.487,36.622,yellow
23,81.267,42.201,blue
23,82.418,37.748,yellow
23,85.305,43.126,blue
23,86.2,38.614,yellow
23,89.219,43.776,blue
23,89.822,39.216,yellow
23,93.001,44.141,blue
23,93.274,39.549,yellow
23,98.409,44.141,blue
23,98.116,39.55,yellow
23,103.469,43.47,blue
23,102.538,38.965,yellow
24,66.274,36.969,blue
24,68.079,32.738,yellow
24,72.851,39.571,blue
24,74.418,35.246,yellow
24,79.204,41.639,blue
24,80.471,37.217,yellow
24,83.301,42.698,blue
24,84.328,38.214,yellow
24,87.278,43.486,blue
24,88.031,38.948,yellow
24,91.127,43.995,blue
24,91.569,39.416,yellow
24,94.841,44.215,blue
24,94.934,39.616,yellow
24,100.136,43.992,blue
24,99.638,39.419,yellow
24,105.072,43.096,blue
24,103.916,38.644,yellow
24,79.204,41.639,blue
25,68.489,37.892,blue
25,70.221,33.631,yellow
25,74.995,40.322,blue
25,76.469,35.964,yellow
25,81.267,42.201,blue
25,82.418,37.748,yellow
25,85.305,43.126,blue
25,86.2,38.614,yellow
25,89.219,43.776,blue
25,89.822,39.216,yellow
25,93.001,44.141,blue
25,93.274,39.549,yellow
25,96.644,44.215,blue
25,96.548,39.616,yellow
25,101.824,43.768,blue
25,101.112,39.223,yellow
25,106.63,42.649,blue
25,105.246,38.262,yellow
26,70.682,38.76,blue
26,72.335,34.467,yellow
26,77.113,41.012,blue
26,78.487,36.622,yellow
26,83.301,42.698,blue
26,84.328,38.214,yellow
26,87.278,43.486,blue
26,88.031,38.948,yellow
26,91.127,43.995,blue
26,91.569,39.416,yellow
26,94.841,44.215,blue
26,94.934,39.616,yellow
26,98.409,44.141,blue
26,98.116,39.55,yellow
26,103.469,43.47,blue
26,102.538,38.965,yellow
26,108.141,42.128,blue
26,106.528,37.821,yellow
27,72.851,39.571,blue
27,74.418,35.246,yellow
27,79.204,41.639,blue
27,80.471,37.217,yellow
27,85.305,43.126,blue
27,86.2,38.614,yellow
27,89.219,43.776,blue
27,89.822,39.216,yellow
27,93.001,44.141,blue
27,93.274,39.549,yellow
27,96.644,44.215,blue
27,96.548,39.616,yellow
27,100.136,43.992,blue
27,99.638,39.419,yellow
27,105.072,43.096,blue
27,103.916,38.644,yellow
27,109.604,41.535,blue
27,107.762,37.32,yellow
27,85.305,43.126,blue
28,77.113,41.012,blue
28,78.487,36.622,yellow
28,83.301,42.698,blue
28,84.328,38.214,yellow
28,89.219,43.776,blue
28,89.822,39.216,yellow
28,93.001,44.141,blue
28,93.274,39.549,yellow
28,96.644,44.215,blue
28,96.548,39.616,yellow
28,100.136,43.992,blue
28,99.638,39.419,yellow
28,103.469,43.47,blue
28,102.538,38.965,yellow
28,108.141,42.128,blue
28,106.528,37.821,yellow
28,112.38,40.137,blue
28,110.086,36.149,yellow
28,100.136,43.992,blue
29,79.204,41.639,blue
29,80.471,37.217,yellow
29,85.305,43.126,blue
29,86.2,38.614,yellow
29,91.127,43.995,blue
29,91.569,39.416,yellow
29,94.841,44.215,blue
29,94.934,39.616,yellow
29,98.409,44.141,blue
29,98.116,39.55,yellow
29,101.824,43.768,blue
29,101.112,39.223,yellow
29,105.072,43.096,blue
29,103.916,38.644,yellow
29,109.604,41.535,blue
29,107.762,37.32,yellow
29,113.688,39.335,blue
29,111.177,35.481,yellow
30,81.267,42.201,blue
30,82.418,37.748,yellow
30,87.278,43.486,blue
30,88.031,38.948,yellow
30,93.001,44.141,blue
30,93.274,39.549,yellow
30,96.644,44.215,blue
30,96.548,39.616,yellow
30,100.136,43.992,blue
30,99.638,39.419,yellow
30,103.469,43.47,blue
30,102.538,38.965,yellow
30,106.63,42.649,blue
30,105.246,38.262,yellow
30,111.018,40.871,blue
30,108.948,36.763,yellow
30,114.942,38.468,blue
30,112.221,34.759,yellow
30,93.001,44.141,blue
31,83.301,42.698,blue
31,84.328,38.214,yellow
31,89.219,43.776,blue
31,89.822,39.216,yellow
31,94.841,44.215,blue
31,94.934,39.616,yellow
31,98.409,44.141,blue
31,98.116,39.55,yellow
31,101.824,43.768,blue
31,101.112,39.223,yellow
31,105.072,43.096,blue
31,103.916,38.644,yellow
31,108.141,42.128,blue
31,106.528,37.821,yellow
31,112.38,40.137,blue
31,110.086,36.149,yellow
31,116.139,37.538,blue
31,113.218,33.985,yellow
32,85.305,43.126,blue
32,86.2,38.614,yellow
32,91.127,43.995,blue
32,91.569,39.416,yellow
32,96.644,44.215,blue
32,96.548,39.616,yellow
32,100.136,43.992,blue
32,99.638,39.419,yellow
32,103.469,43.47,blue
32,102.538,38.965,yellow
32,106.63,42.649,blue
32,105.246,38.262,yellow
32,109.604,41.535,blue
32,107.762,37.32,yellow
32,113.688,39.335,blue
32,111.177,35.481,yellow
32,117.279,36.548,blue
32,114.168,33.159,yellow
33,89.219,43.776,blue
33,89.822,39.216,yellow
33,94.841,44.215,blue
33,94.934,39.616,yellow
33,100.136,43.992,blue
33,99.638,39.419,yellow
33,103.469,43.47,blue
33,102.538,38.965,yellow
33,106.63,42.649,blue
33,105.246,38.262,yellow
33,109.604,41.535,blue
33,107.762,37.32,yellow
33,112.38,40.137,blue
33,110.086,36.149,yellow
33,116.139,37.538,blue
33,113.218,33.985,yellow
33,119.382,34.397,blue
33,115.925,31.362,yellow
33,100.136,43.992,blue
34,91.127,43.995,blue
34,91.569,39.416,yellow
34,96.644,44.215,blue
34,96.548,39.616,yellow
34,101.824,43.768,blue
34,101.112,39.223,yellow
34,105.072,43.096,blue
34,103.916,38.644,yellow
34,108.141,42.128,blue
34,106.528,37.821,yellow
34,111.018,40.871,blue
34,108.948,36.763,yellow
34,113.688,39.335,blue
34,111.177,35.481,yellow
34,117.279,36.548,blue
34,114.168,33.159,yellow
34,120.343,33.243,blue
34,116.732,30.392,yellow
35,93.001,44.141,blue
35,93.274,39.549,yellow
35,98.409,44.141,blue
35,98.116,39.55,yellow
35,103.469,43.47,blue
35,102.538,38.965,yellow
35,106.63,42.649,blue
35,105.246,38.262,yellow
35,109.604,41.535,blue
35,107.762,37.32,yellow
35,112.38,40.137,blue
35,110.086,36.149,yellow
35,114.942,38.468,blue
35,112.221,34.759,yellow
35,118.36,35.5,blue
35,115.07,32.284,yellow
35,121.243,32.04,blue
35,117.491,29.379,yellow
35,112.38,40.137,blue
36,94.841,44.215,blue
36,94.934,39.616,yellow
36,100.136,43.992,blue
36,99.638,39.419,yellow
36,105.072,43.096,blue
36,103.916,38.644,yellow
36,108.141,42.128,blue
36,106.528,37.821,yellow
36,111.018,40.871,blue
36,108.948,36.763,yellow
36,113.688,39.335,blue
36,111.177,35.481,yellow
36,116.139,37.538,blue
36,113.218,33.985,yellow
36,119.382,34.397,blue
36,115.925,31.362,yellow
36,122.082,30.793,blue
36,118.201,28.322,yellow
36,105.072,43.096,blue
37,96.644,44.215,blue
37,96.548,39.616,yellow
37,101.824,43.768,blue
37,101.112,39.223,yellow
37,106.63,42.649,blue
37,105.246,38.262,yellow
37,109.604,41.535,blue
37,107.762,37.32,yellow
37,112.38,40.137,blue
37,110.086,36.149,yellow
37,114.942,38.468,blue
37,112.221,34.759,yellow
37,117.279,36.548,blue
37,114.168,33.159,yellow
37,120.343,33.243,blue
37,116.732,30.392,yellow
37,122.859,29.503,blue
37,118.862,27.226,yellow
38,98.409,44.141,blue
38,98.116,39.55,yellow
38,103.469,43.47,blue
38,102.538,38.965,yellow
38,108.141,42.128,blue
38,106.528,37.821,yellow
38,111.018,40.871,blue
38,108.948,36.763,yellow
38,113.688,39.335,blue
38,111.177,35.481,yellow
38,116.139,37.538,blue
38,113.218,33.985,yellow
38,118.36,35.5,blue
38,115.07,32.284,yellow
38,121.243,32.04,blue
38,117.491,29.379,yellow
38,123.574,28.174,blue
38,119.473,26.091,yellow
39,101.824,43.768,blue
39,101.112,39.223,yellow
39,106.63,42.649,blue
39,105.246,38.262,yellow
39,111.018,40.871,blue
39,108.948,36.763,yellow
39,113.688,39.335,blue
39,111.177,35.481,yellow
39,116.139,37.538,blue
39,113.218,33.985,yellow
39,118.36,35.5,blue
39,115.07,32.284,yellow
39,120.343,33.243,blue
39,116.732,30.392,yellow
39,122.859,29.503,blue
39,118.862,27.226,yellow
39,124.818,25.414,blue
39,120.542,23.718,yellow
39,111.018,40.871,blue
40,103.469,43.47,blue
40,102.538,38.965,yellow
40,108.141,42.128,blue
40,106.528,37.821,yellow
40,112.38,40.137,blue
40,110.086,36.149,yellow
40,114.942,38.468,blue
40,112.221,34.759,yellow
40,117.279,36.548,blue
40,114.168,33.159,yellow
40,119.382,34.397,blue
40,115.925,31.362,yellow
40,121.243,32.04,blue
40,117.491,29.379,yellow
40,123.574,28.174,blue
40,119.473,26.091,yellow
40,125.347,23.988,blue
40,120.999,22.485,yellow
41,105.072,43.096,blue
41,103.916,38.644,yellow
41,109.604,41.535,blue
41,107.762,37.32,yellow
41,113.688,39.335,blue
41,111.177,35.481,yellow
41,116.139,37.538,blue
41,113.218,33.985,yellow
41,118.36,35.5,blue
41,115.07,32.284,yellow
41,120.343,33.243,blue
41,116.732,30.392,yellow
41,122.082,30.793,blue
41,118.201,28.322,yellow
41,124.227,26.81,blue
41,120.033,24.921,yellow
41,125.813,22.537,blue
41,121.404,21.225,yellow
42,106.63,42.649,blue
42,105.246,38.262,yellow
42,111.018,40.871,blue
42,108.948,36.763,yellow
42,114.942,38.468,blue
42,112.221,34.759,yellow
42,117.279,36.548,blue
42,114.168,33.159,yellow
42,119.382,34.397,blue
42,115.925,31.362,yellow
42,121.243,32.04,blue
42,117.491,29.379,yellow
42,122.859,29.503,blue
42,118.862,27.226,yellow
42,124.818,25.414,blue
42,120.542,23.718,yellow
42,126.217,21.063,blue
42,121.756,19.942,yellow
42,114.942,38.468,blue
42,121.243,32.04,blue
43,108.141,42.128,blue
43,106.528,37.821,yellow
43,112.38,40.137,blue
43,110.086,36.149,yellow
43,116.139,37.538,blue
43,113.218,33.985,yellow
43,118.36,35.5,blue
43,115.07,32.284,yellow
43,120.343,33.243,blue
43,116.732,30.392,yellow
43,122.082,30.793,blue
43,118.201,28.322,yellow
43,123.574,28.174,blue
43,119.473,26.091,yellow
43,125.347,23.988,blue
43,120.999,22.485,yellow
43,126.559,19.569,blue
43,122.055,18.637,yellow
44,111.018,40.871,blue
44,108.948,36.763,yellow
44,114.942,38.468,blue
44,112.221,34.759,yellow
44,118.36,35.5,blue
44,115.07,32.284,yellow
44,120.343,33.243,blue
44,116.732,30.392,yellow
44,122.082,30.793,blue
44,118.201,28.322,yellow
44,123.574,28.174,blue
44,119.473,26.091,yellow
44,124.818,25.414,blue
44,120.542,23.718,yellow
44,126.217,21.063,blue
44,121.756,19.942,yellow
44,127.056,16.537,blue
44,122.49,15.98,yellow
45,112.38,40.137,blue
45,110.086,36.149,yellow
45,116.139,37.538,blue
45,113.218,33.985,yellow
45,119.382,34.397,blue
45,115.925,31.362,yellow
45,121.243,32.04,blue
45,117.491,29.379,yellow
45,122.859,29.503,blue
45,118.862,27.226,yellow
45,124.227,26.81,blue
45,120.033,24.921,yellow
45,125.347,23.988,blue
45,120.999,22.485,yellow
45,126.559,19.569,blue
45,122.055,18.637,yellow
45,127.212,15.005,blue
45,122.627,14.634,yellow
45,119.382,34.397,blue
46,113.688,39.335,blue
46,111.177,35.481,yellow
46,117.279,36.548,blue
46,114.168,33.159,yellow
46,120.343,33.243,blue
46,116.732,30.392,yellow
46,122.082,30.793,blue
46,118.201,28.322,yellow
46,123.574,28.174,blue
46,119.473,26.091,yellow
46,124.818,25.414,blue
46,120.542,23.718,yellow
46,125.813,22.537,blue
46,121.404,21.225,yellow
46,126.839,18.06,blue
46,122.299,17.316,yellow
46,127.305,13.466,blue
46,122.709,13.281,yellow
47,114.942,38.468,blue
47,112.221,34.759,yellow
47,118.36,35.5,blue
47,115.07,32.284,yellow
47,121.243,32.04,blue
47,117.491,29.379,yellow
47,122.859,29.503,blue
47,118.862,27.226,yellow
47,124.227,26.81,blue
47,120.033,24.921,yellow
47,125.347,23.988,blue
47,120.999,22.485,yellow
47,126.217,21.063,blue
47,121.756,19.942,yellow
47,127.056,16.537,blue
47,122.49,15.98,yellow
47,127.336,11.924,blue
47,122.736,11.924,yellow
48,116.139,37.538,blue
48,113.218,33.985,yellow
48,119.382,34.397,blue
48,115.925,31.362,yellow
48,122.082,30.793,blue
48,118.201,28.322,yellow
48,123.574,28.174,blue
48,119.473,26.091,yellow
48,124.818,25.414,blue
48,120.542,23.718,yellow
48,125.813,22.537,blue
48,121.404,21.225,yellow
48,126.559,19.569,blue
48,122.055,18.637,yellow
48,127.212,15.005,blue
48,122.627,14.634,yellow
48,127.305,10.382,blue
48,122.709,10.567,yellow
48,122.082,30.793,blue
49,117.279,36.548,blue
49,114.168,33.159,yellow
49,120.343,33.243,blue
49,116.732,30.392,yellow
49,122.859,29.503,blue
49,118.862,27.226,yellow
49,124.227,26.81,blue
49,120.033,24.921,yellow
49,125.347,23.988,blue
49,120.999,22.485,yellow
49,126.217,21.063,blue
49,121.756,19.942,yellow
49,126.839,18.06,blue
49,122.299,17.316,yellow
49,127.305,13.466,blue
49,122.709,13.281,yellow
49,127.212,8.843,blue
49,122.627,9.214,yellow
49,126.217,21.063,blue
50,119.382,34.397,blue
50,115.925,31.362,yellow
50,122.082,30.793,blue
50,118.201,28.322,yellow
50,124.227,26.81,blue
50,120.033,24.921,yellow
50,125.347,23.988,blue
50,120.999,22.485,yellow
50,126.217,21.063,blue
50,121.756,19.942,yellow
50,126.839,18.06,blue
50,122.299,17.316,yellow
50,127.212,15.005,blue
50,122.627,14.634,yellow
50,127.305,10.382,blue
50,122.709,10.567,yellow
50,126.839,5.788,blue
50,122.299,6.532,yellow
51,120.343,33.243,blue
51,116.732,30.392,yellow
51,122.859,29.503,blue
51,118.862,27.226,yellow
51,124.818,25.414,blue
51,120.542,23.718,yellow
51,125.813,22.537,blue
51,121.404,21.225,yellow
51,126.559,19.569,blue
51,122.055,18.637,yellow
51,127.056,16.537,blue
51,122.49,15.98,yellow
51,127.305,13.466,blue
51,122.709,13.281,yellow
51,127.212,8.843,blue
51,122.627,9.214,yellow
51,126.559,4.279,blue
51,122.055,5.211,yellow
51,124.818,25.414,blue
52,121.243,32.04,blue
52,117.491,29.379,yellow
52,123.574,28.174,blue
52,119.473,26.091,yellow
52,125.347,23.988,blue
52,120.999,22.485,yellow
52,126.217,21.063,blue
52,121.756,19.942,yellow
52,126.839,18.06,blue
52,122.299,17.316,yellow
52,127.212,15.005,blue
52,122.627,14.634,yellow
52,127.336,11.924,blue
52,122.736,11.924,yellow
52,127.056,7.311,blue
52,122.49,7.868,yellow
52,126.217,2.785,blue
52,121.756,3.906,yellow
53,122.082,30.793,blue
53,118.201,28.322,yellow
53,124.227,26.81,blue
53,120.033,24.921,yellow
53,125.813,22.537,blue
53,121.404,21.225,yellow
53,126.559,19.569,blue
53,122.055,18.637,yellow
53,127.056,16.537,blue
53,122.49,15.98,yellow
53,127.305,13.466,blue
53,122.709,13.281,yellow
53,127.305,10.382,blue
53,122.709,10.567,yellow
53,126.839,5.788,blue
53,122.299,6.532,yellow
53,125.813,1.311,blue
53,121.404,2.623,yellow
54,122.859,29.503,blue
54,118.862,27.226,yellow
54,124.818,25.414,blue
54,120.542,23.718,yellow
54,126.217,21.063,blue
54,121.756,19.942,yellow
54,126.839,18.06,blue
54,122.299,17.316,yellow
54,127.212,15.005,blue
54,122.627,14.634,yellow
54,127.336,11.924,blue
54,122.736,11.924,yellow
54,127.212,8.843,blue
54,122.627,9.214,yellow
54,126.559,4.279,blue
54,122.055,5.211,yellow
54,125.347,-0.14,blue
54,120.999,1.363,yellow
54,126.217,21.063,blue
55,124.227,26.81,blue
55,120.033,24.921,yellow
55,125.813,22.537,blue
55,121.404,21.225,yellow
55,126.839,18.06,blue
55,122.299,17.316,yellow
55,127.212,15.005,blue
55,122.627,14.634,yellow
55,127.336,11.924,blue
55,122.736,11.924,yellow
55,127.212,8.843,blue
55,122.627,9.214,yellow
55,126.839,5.788,blue
55,122.299,6.532,yellow
55,125.813,1.311,blue
55,121.404,2.623,yellow
55,124.227,-2.962,blue
55,120.033,-1.073,yellow
56,124.818,25.414,blue
56,120.542,23.718,yellow
56,126.217,21.063,blue
56,121.756,19.942,yellow
56,127.056,16.537,blue
56,122.49,15.98,yellow
56,127.305,13.466,blue
56,122.709,13.281,yellow
56,127.305,10.382,blue
56,122.709,10.567,yellow
56,127.056,7.311,blue
56,122.49,7.868,yellow
56,126.559,4.279,blue
56,122.055,5.211,yellow
56,125.347,-0.14,blue
56,120.999,1.363,yellow
56,123.574,-4.326,blue
56,119.473,-2.243,yellow
56,127.056,7.311,blue
57,125.347,23.988,blue
57,120.999,22.485,yellow
57,126.559,19.569,blue
57,122.055,18.637,yellow
57,127.212,15.005,blue
57,122.627,14.634,yellow
57,127.336,11.924,blue
57,122.736,11.924,yellow
57,127.212,8.843,blue
57,122.627,9.214,yellow
57,126.839,5.788,blue
57,122.299,6.532,yellow
57,126.217,2.785,blue
57,121.756,3.906,yellow
57,124.818,-1.566,blue
57,120.542,0.13,yellow
57,122.859,-5.655,blue
57,118.862,-3.378,yellow
57,127.212,15.005,blue
58,125.813,22.537,blue
58,121.404,21.225,yellow
58,126.839,18.06,blue
58,122.299,17.316,yellow
58,127.305,13.466,blue
58,122.709,13.281,yellow
58,127.305,10.382,blue
58,122.709,10.567,yellow
58,127.056,7.311,blue
58,122.49,7.868,yellow
58,126.559,4.279,blue
58,122.055,5.211,yellow
58,125.813,1.311,blue
58,121.404,2.623,yellow
58,124.227,-2.962,blue
58,120.033,-1.073,yellow
58,122.082,-6.945,blue
58,118.201,-4.474,yellow
59,126.217,21.063,blue
59,121.756,19.942,yellow
59,127.056,16.537,blue
59,122.49,15.98,yellow
59,127.336,11.924,blue
59,122.736,11.924,yellow
59,127.212,8.843,blue
59,122.627,9.214,yellow
59,126.839,5.788,blue
59,122.299,6.532,yellow
59,126.217,2.785,blue
59,121.756,3.906,yellow
59,125.347,-0.14,blue
59,120.999,1.363,yellow
59,123.574,-4.326,blue
59,119.473,-2.243,yellow
59,121.243,-8.192,blue
59,117.491,-5.531,yellow
60,126.559,19.569,blue
60,122.055,18.637,yellow
60,127.212,15.005,blue
60,122.627,14.634,yellow
60,127.305,10.382,blue
60,122.709,10.567,yellow
60,127.056,7.311,blue
60,122.49,7.868,yellow
60,126.559,4.279,blue
60,122.055,5.211,yellow
60,125.813,1.311,blue
60,121.404,2.623,yellow
60,124.818,-1.566,blue
60,120.542,0.13,yellow
60,122.859,-5.655,blue
60,118.862,-3.378,yellow
60,120.343,-9.395,blue
60,116.732,-6.544,yellow
60,127.305,10.382,blue
61,127.056,16.537,blue
61,122.49,15.98,yellow
61,127.336,11.924,blue
61,122.736,11.924,yellow
61,127.056,7.311,blue
61,122.49,7.868,yellow
61,126.559,4.279,blue
61,122.055,5.211,yellow
61,125.813,1.311,blue
61,121.404,2.623,yellow
61,124.818,-1.566,blue
61,120.542,0.13,yellow
61,123.574,-4.326,blue
61,119.473,-2.243,yellow
61,121.243,-8.192,blue
61,117.491,-5.531,yellow
61,118.36,-11.652,blue
61,115.07,-8.436,yellow
62,127.212,15.005,blue
62,122.627,14.634,yellow
62,127.305,10.382,blue
62,122.709,10.567,yellow
62,126.839,5.788,blue
62,122.299,6.532,yellow
62,126.217,2.785,blue
62,121.756,3.906,yellow
62,125.347,-0.14,blue
62,120.999,1.363,yellow
62,124.227,-2.962,blue
62,120.033,-1.073,yellow
62,122.859,-5.655,blue
62,118.862,-3.378,yellow
62,120.343,-9.395,blue
62,116.732,-6.544,yellow
62,117.279,-12.7,blue
62,114.168,-9.311,yellow
63,127.305,13.466,blue
63,122.709,13.281,yellow
63,127.212,8.843,blue
63,122.627,9.214,yellow
63,126.559,4.279,blue
63,122.055,5.211,yellow
63,125.813,1.311,blue
63,121.404,2.623,yellow
63,124.818,-1.566,blue
63,120.542,0.13,yellow
63,123.574,-4.326,blue
63,119.473,-2.243,yellow
63,122.082,-6.945,blue
63,118.201,-4.474,yellow
63,119.382,-10.549,blue
63,115.925,-7.514,yellow
63,116.139,-13.69,blue
63,113.218,-10.137,yellow
63,126.559,4.279,blue
63,123.574,-4.326,blue
64,127.336,11.924,blue
64,122.736,11.924,yellow
64,127.056,7.311,blue
64,122.49,7.868,yellow
64,126.217,2.785,blue
64,121.756,3.906,yellow
64,125.347,-0.14,blue
64,120.999,1.363,yellow
64,124.227,-2.962,blue
64,120.033,-1.073,yellow
64,122.859,-5.655,blue
64,118.862,-3.378,yellow
64,121.243,-8.192,blue
64,117.491,-5.531,yellow
64,118.36,-11.652,blue
64,115.07,-8.436,yellow
64,114.942,-14.62,blue
64,112.221,-10.911,yellow
65,127.305,10.382,blue
65,122.709,10.567,yellow
65,126.839,5.788,blue
65,122.299,6.532,yellow
65,125.813,1.311,blue
65,121.404,2.623,yellow
65,124.818,-1.566,blue
65,120.542,0.13,yellow
65,123.574,-4.326,blue
65,119.473,-2.243,yellow
65,122.082,-6.945,blue
65,118.201,-4.474,yellow
65,120.343,-9.395,blue
65,116.732,-6.544,yellow
65,117.279,-12.7,blue
65,114.168,-9.311,yellow
65,113.688,-15.487,blue
65,111.177,-11.633,yellow
66,127.056,7.311,blue
66,122.49,7.868,yellow
66,126.217,2.785,blue
66,121.756,3.906,yellow
66,124.818,-1.566,blue
66,120.542,0.13,yellow
66,123.574,-4.326,blue
66,119.473,-2.243,yellow
66,122.082,-6.945,blue
66,118.201,-4.474,yellow
66,120.343,-9.395,blue
66,116.732,-6.544,yellow
66,118.36,-11.652,blue
66,115.07,-8.436,yellow
66,114.942,-14.62,blue
66,112.221,-10.911,yellow
66,111.018,-17.023,blue
66,108.948,-12.915,yellow
66,124.818,-1.566,blue
67,126.839,5.788,blue
67,122.299,6.532,yellow
67,125.813,1.311,blue
67,121.404,2.623,yellow
67,124.227,-2.962,blue
67,120.033,-1.073,yellow
67,122.859,-5.655,blue
67,118.862,-3.378,yellow
67,121.243,-8.192,blue
67,117.491,-5.531,yellow
67,119.382,-10.549,blue
67,115.925,-7.514,yellow
67,117.279,-12.7,blue
67,114.168,-9.311,yellow
67,113.688,-15.487,blue
67,111.177,-11.633,yellow
67,109.604,-17.687,blue
67,107.762,-13.472,yellow
68,126.559,4.279,blue
68,122.055,5.211,yellow
68,125.347,-0.14,blue
68,120.999,1.363,yellow
68,123.574,-4.326,blue
68,119.473,-2.243,yellow
68,122.082,-6.945,blue
68,118.201,-4.474,yellow
68,120.343,-9.395,blue
68,116.732,-6.544,yellow
68,118.36,-11.652,blue
68,115.07,-8.436,yellow
68,116.139,-13.69,blue
68,113.218,-10.137,yellow
68,112.38,-16.289,blue
68,110.086,-12.301,yellow
68,108.141,-18.28,blue
68,106.528,-13.973,yellow
69,126.217,2.785,blue
69,121.756,3.906,yellow
69,124.818,-1.566,blue
69,120.542,0.13,yellow
69,122.859,-5.655,blue
69,118.862,-3.378,yellow
69,121.243,-8.192,blue
69,117.491,-5.531,yellow
69,119.382,-10.549,blue
69,115.925,-7.514,yellow
69,117.279,-12.7,blue
69,114.168,-9.311,yellow
69,114.942,-14.62,blue
69,112.221,-10.911,yellow
69,111.018,-17.023,blue
69,108.948,-12.915,yellow
69,106.63,-18.801,blue
69,105.246,-14.414,yellow
69,122.859,-5.655,blue
70,125.813,1.311,blue
70,121.404,2.623,yellow
70,124.227,-2.962,blue
70,120.033,-1.073,yellow
70,122.082,-6.945,blue
70,118.201,-4.474,yellow
70,120.343,-9.395,blue
70,116.732,-6.544,yellow
70,118.36,-11.652,blue
70,115.07,-8.436,yellow
70,116.139,-13.69,blue
70,113.218,-10.137,yellow
70,113.688,-15.487,blue
70,111.177,-11.633,yellow
70,109.604,-17.687,blue
70,107.762,-13.472,yellow
70,105.072,-19.248,blue
70,103.916,-14.796,yellow
70,116.139,-13.69,blue
71,125.347,-0.14,blue
71,120.999,1.363,yellow
71,123.574,-4.326,blue
71,119.473,-2.243,yellow
71,121.243,-8.192,blue
71,117.491,-5.531,yellow
71,119.382,-10.549,blue
71,115.925,-7.514,yellow
71,117.279,-12.7,blue
71,114.168,-9.311,yellow
71,114.942,-14.62,blue
71,112.221,-10.911,yellow
71,112.38,-16.289,blue
71,110.086,-12.301,yellow
71,108.141,-18.28,blue
71,106.528,-13.973,yellow
71,103.469,-19.622,blue
71,102.538,-15.117,yellow
72,124.227,-2.962,blue
72,120.033,-1.073,yellow
72,122.082,-6.945,blue
72,118.201,-4.474,yellow
72,119.382,-10.549,blue
72,115.925,-7.514,yellow
72,117.279,-12.7,blue
72,114.168,-9.311,yellow
72,114.942,-14.62,blue
72,112.221,-10.911,yellow
72,112.38,-16.289,blue
72,110.086,-12.301,yellow
72,109.604,-17.687,blue
72,107.762,-13.472,yellow
72,105.072,-19.248,blue
72,103.916,-14.796,yellow
72,100.136,-20.144,blue
72,99.638,-15.571,yellow
72,119.382,-10.549,blue
73,123.574,-4.326,blue
73,119.473,-2.243,yellow
73,121.243,-8.192,blue
73,117.491,-5.531,yellow
73,118.36,-11.652,blue
73,115.07,-8.436,yellow
73,116.139,-13.69,blue
73,113.218,-10.137,yellow
73,113.688,-15.487,blue
73,111.177,-11.633,yellow
73,111.018,-17.023,blue
73,108.948,-12.915,yellow
73,108.141,-18.28,blue
73,106.528,-13.973,yellow
73,103.469,-19.622,blue
73,102.538,-15.117,yellow
73,98.409,-20.293,blue
73,98.116,-15.702,yellow
74,122.859,-5.655,blue
74,118.862,-3.378,yellow
74,120.343,-9.395,blue
74,116.732,-6.544,yellow
74,117.279,-12.7,blue
74,114.168,-9.311,yellow
74,114.942,-14.62,blue
74,112.221,-10.911,yellow
74,112.38,-16.289,blue
74,110.086,-12.301,yellow
74,109.604,-17.687,blue
74,107.762,-13.472,yellow
74,106.63,-18.801,blue
74,105.246,-14.414,yellow
74,101.824,-19.92,blue
74,101.112,-15.375,yellow
74,96.644,-20.367,blue
74,96.548,-15.768,yellow
75,122.082,-6.945,blue
75,118.201,-4.474,yellow
75,119.382,-10.549,blue
75,115.925,-7.514,yellow
75,116.139,-13.69,blue
75,113.218,-10.137,yellow
75,113.688,-15.487,blue
75,111.177,-11.633,yellow
75,111.018,-17.023,blue
75,108.948,-12.915,yellow
75,108.141,-18.28,blue
75,106.528,-13.973,yellow
75,105.072,-19.248,blue
75,103.916,-14.796,yellow
75,100.136,-20.144,blue
75,99.638,-15.571,yellow
75,94.841,-20.367,blue
75,94.934,-15.768,yellow
75,116.139,-13.69,blue
76,121.243,-8.192,blue
76,117.491,-5.531,yellow
76,118.36,-11.652,blue
76,115.07,-8.436,yellow
76,114.942,-14.62,blue
76,112.221,-10.911,yellow
76,112.38,-16.289,blue
76,110.086,-12.301,yellow
76,109.604,-17.687,blue
76,107.762,-13.472,yellow
76,106.63,-18.801,blue
76,105.246,-14.414,yellow
76,103.469,-19.622,blue
76,102.538,-15.117,yellow
76,98.409,-20.293,blue
76,98.116,-15.702,yellow
76,93.001,-20.293,blue
76,93.274,-15.701,yellow
77,119.382,-10.549,blue
77,115.925,-7.514,yellow
77,116.139,-13.69,blue
77,113.218,-10.137,yellow
77,112.38,-16.289,blue
77,110.086,-12.301,yellow
77,109.604,-17.687,blue
77,107.762,-13.472,yellow
77,106.63,-18.801,blue
77,105.246,-14.414,yellow
77,103.469,-19.622,blue
77,102.538,-15.117,yellow
77,100.136,-20.144,blue
77,99.638,-15.571,yellow
77,94.841,-20.367,blue
77,94.934,-15.768,yellow
77,89.219,-19.928,blue
77,89.822,-15.368,yellow
77,103.469,-19.622,blue
78,118.36,-11.652,blue
78,115.07,-8.436,yellow
78,114.942,-14.62,blue
78,112.221,-10.911,yellow
78,111.018,-17.023,blue
78,108.948,-12.915,yellow
78,108.141,-18.28,blue
78,106.528,-13.973,yellow
78,105.072,-19.248,blue
78,103.916,-14.796,yellow
78,101.824,-19.92,blue
78,101.112,-15.375,yellow
78,98.409,-20.293,blue
78,98.116,-15.702,yellow
78,93.001,-20.293,blue
78,93.274,-15.701,yellow
78,87.278,-19.638,blue
78,88.031,-15.1,yellow
78,111.018,-17.023,blue
79,117.279,-12.7,blue
79,114.168,-9.311,yellow
79,113.688,-15.487,blue
79,111.177,-11.633,yellow
79,109.604,-17.687,blue
79,107.762,-13.472,yellow
79,106.63,-18.801,blue
79,105.246,-14.414,yellow
79,103.469,-19.622,blue
79,102.538,-15.117,yellow
79,100.136,-20.144,blue
79,99.638,-15.571,yellow
79,96.644,-20.367,blue
79,96.548,-15.768,yellow
79,91.127,-20.147,blue
79,91.569,-15.568,yellow
79,85.305,-19.278,blue
79,86.2,-14.766,yellow
80,116.139,-13.69,blue
80,113.218,-10.137,yellow
80,112.38,-16.289,blue
80,110.086,-12.301,yellow
80,108.141,-18.28,blue
80,106.528,-13.973,yellow
80,105.072,-19.248,blue
80,103.916,-14.796,yellow
80,101.824,-19.92,blue
80,101.112,-15.375,yellow
80,98.409,-20.293,blue
80,98.116,-15.702,yellow
80,94.841,-20.367,blue
80,94.934,-15.768,yellow
80,89.219,-19.928,blue
80,89.822,-15.368,yellow
80,83.301,-18.85,blue
80,84.328,-14.366,yellow
81,114.942,-14.62,blue
81,112.221,-10.911,yellow
81,111.018,-17.023,blue
81,108.948,-12.915,yellow
81,106.63,-18.801,blue
81,105.246,-14.414,yellow
81,103.469,-19.622,blue
81,102.538,-15.117,yellow
81,100.136,-20.144,blue
81,99.638,-15.571,yellow
81,96.644,-20.367,blue
81,96.548,-15.768,yellow
81,93.001,-20.293,blue
81,93.274,-15.701,yellow
81,87.278,-19.638,blue
81,88.031,-15.1,yellow
81,81.267,-18.353,blue
81,82.418,-13.9,yellow
81,106.63,-18.801,blue
82,113.688,-15.487,blue
82,111.177,-11.633,yellow
82,109.604,-17.687,blue
82,107.762,-13.472,yellow
82,105.072,-19.248,blue
82,103.916,-14.796,yellow
82,101.824,-19.92,blue
82,101.112,-15.375,yellow
82,98.409,-20.293,blue
82,98.116,-15.702,yellow
82,94.841,-20.367,blue
82,94.934,-15.768,yellow
82,91.127,-20.147,blue
82,91.569,-15.568,yellow
82,85.305,-19.278,blue
82,86.2,-14.766,yellow
82,79.204,-17.791,blue
82,80.471,-13.369,yellow
83,111.018,-17.023,blue
83,108.948,-12.915,yellow
83,106.63,-18.801,blue
83,105.246,-14.414,yellow
83,101.824,-19.92,blue
83,101.112,-15.375,yellow
83,98.409,-20.293,blue
83,98.116,-15.702,yellow
83,94.841,-20.367,blue
83,94.934,-15.768,yellow
83,91.127,-20.147,blue
83,91.569,-15.568,yellow
83,87.278,-19.638,blue
83,88.031,-15.1,yellow
83,81.267,-18.353,blue
83,82.418,-13.9,yellow
83,74.995,-16.474,blue
83,76.469,-12.116,yellow
84,109.604,-17.687,blue
84,107.762,-13.472,yellow
84,105.072,-19.248,blue
84,103.916,-14.796,yellow
84,100.136,-20.144,blue
84,99.638,-15.571,yellow
84,96.644,-20.367,blue
84,96.548,-15.768,yellow
84,93.001,-20.293,blue
84,93.274,-15.701,yellow
84,89.219,-19.928,blue
84,89.822,-15.368,yellow
84,85.305,-19.278,blue
84,86.2,-14.766,yellow
84,79.204,-17.791,blue
84,80.471,-13.369,yellow
84,72.851,-15.723,blue
84,74.418,-11.398,yellow
84,100.136,-20.144,blue
84,89.219,-19.928,blue
85,108.141,-18.28,blue
85,106.528,-13.973,yellow
85,103.469,-19.622,blue
85,102.538,-15.117,yellow
85,98.409,-20.293,blue
85,98.116,-15.702,yellow
85,94.841,-20.367,blue
85,94.934,-15.768,yellow
85,91.127,-20.147,blue
85,91.569,-15.568,yellow
85,87.278,-19.638,blue
85,88.031,-15.1,yellow
85,83.301,-18.85,blue
85,84.328,-14.366,yellow
85,77.113,-17.164,blue
85,78.487,-12.774,yellow
85,70.682,-14.912,blue
85,72.335,-10.619,yellow
86,106.63,-18.801,blue
86,105.246,-14.414,yellow
86,101.824,-19.92,blue
86,101.112,-15.375,yellow
86,96.644,-20.367,blue
86,96.548,-15.768,yellow
86,93.001,-20.293,blue
86,93.274,-15.701,yellow
86,89.219,-19.928,blue
86,89.822,-15.368,yellow
86,85.305,-19.278,blue
86,86.2,-14.766,yellow
86,81.267,-18.353,blue
86,82.418,-13.9,yellow
86,74.995,-16.474,blue
86,76.469,-12.116,yellow
86,68.489,-14.044,blue
86,70.221,-9.783,yellow
87,105.072,-19.248,blue
87,103.916,-14.796,yellow
87,100.136,-20.144,blue
87,99.638,-15.571,yellow
87,94.841,-20.367,blue
87,94.934,-15.768,yellow
87,91.127,-20.147,blue
87,91.569,-15.568,yellow
87,87.278,-19.638,blue
87,88.031,-15.1,yellow
87,83.301,-18.85,blue
87,84.328,-14.366,yellow
87,79.204,-17.791,blue
87,80.471,-13.369,yellow
87,72.851,-15.723,blue
87,74.418,-11.398,yellow
87,66.274,-13.121,blue
87,68.079,-8.89,yellow
87,94.841,-20.367,blue
88,101.824,-19.92,blue
88,101.112,-15.375,yellow
88,96.644,-20.367,blue
88,96.548,-15.768,yellow
88,91.127,-20.147,blue
88,91.569,-15.568,yellow
88,87.278,-19.638,blue
88,88.031,-15.1,yellow
88,83.301,-18.85,blue
88,84.328,-14.366,yellow
88,79.204,-17.791,blue
88,80.471,-13.369,yellow
88,74.995,-16.474,blue
88,76.469,-12.116,yellow
88,68.489,-14.044,blue
88,70.221,-9.783,yellow
88,61.778,-11.118,blue
88,63.713,-6.945,yellow
89,100.136,-20.144,blue
89,99.638,-15.571,yellow
89,94.841,-20.367,blue
89,94.934,-15.768,yellow
89,89.219,-19.928,blue
89,89.822,-15.368,yellow
89,85.305,-19.278,blue
89,86.2,-14.766,yellow
89,81.267,-18.353,blue
89,82.418,-13.9,yellow
89,77.113,-17.164,blue
89,78.487,-12.774,yellow
89,72.851,-15.723,blue
89,74.418,-11.398,yellow
89,66.274,-13.121,blue
89,68.079,-8.89,yellow
89,59.501,-10.043,blue
89,61.492,-5.896,yellow
90,98.409,-20.293,blue
90,98.116,-15.702,yellow
90,93.001,-20.293,blue
90,93.274,-15.701,yellow
90,87.278,-19.638,blue
90,88.031,-15.1,yellow
90,83.301,-18.85,blue
90,84.328,-14.366,yellow
90,79.204,-17.791,blue
90,80.471,-13.369,yellow
90,74.995,-16.474,blue
90,76.469,-12.116,yellow
90,70.682,-14.912,blue
90,72.335,-10.619,yellow
90,64.036,-12.145,blue
90,65.909,-7.943,yellow
90,57.205,-8.922,blue
90,59.249,-4.801,yellow
90,87.278,-19.638,blue
91,96.644,-20.367,blue
91,96.548,-15.768,yellow
91,91.127,-20.147,blue
91,91.569,-15.568,yellow
91,85.305,-19.278,blue
91,86.2,-14.766,yellow
91,81.267,-18.353,blue
91,82.418,-13.9,yellow
91,77.113,-17.164,blue
91,78.487,-12.774,yellow
91,72.851,-15.723,blue
91,74.418,-11.398,yellow
91,68.489,-14.044,blue
91,70.221,-9.783,yellow
91,61.778,-11.118,blue
91,63.713,-6.945,yellow
91,54.892,-7.758,blue
91,56.983,-3.661,yellow
91,72.851,-15.723,blue
92,94.841,-20.367,blue
92,94.934,-15.768,yellow
92,89.219,-19.928,blue
92,89.822,-15.368,yellow
92,83.301,-18.85,blue
92,84.328,-14.366,yellow
92,79.204,-17.791,blue
92,80.471,-13.369,yellow
92,74.995,-16.474,blue
92,76.469,-12.116,yellow
92,70.682,-14.912,blue
92,72.335,-10.619,yellow
92,66.274,-13.121,blue
92,68.079,-8.89,yellow
92,59.501,-10.043,blue
92,61.492,-5.896,yellow
92,52.563,-6.554,blue
92,54.698,-2.479,yellow
93,93.001,-20.293,blue
93,93.274,-15.701,yellow
93,87.278,-19.638,blue
93,88.031,-15.1,yellow
93,81.267,-18.353,blue
93,82.418,-13.9,yellow
93,77.113,-17.164,blue
93,78.487,-12.774,yellow
93,72.851,-15.723,blue
93,74.418,-11.398,yellow
93,68.489,-14.044,blue
93,70.221,-9.783,yellow
93,64.036,-12.145,blue
93,65.909,-7.943,yellow
93,57.205,-8.922,blue
93,59.249,-4.801,yellow
93,50.22,-5.312,blue
93,52.393,-1.258,yellow
93,81.267,-18.353,blue
94,89.219,-19.928,blue
94,89.822,-15.368,yellow
94,83.301,-18.85,blue
94,84.328,-14.366,yellow
94,77.113,-17.164,blue
94,78.487,-12.774,yellow
94,72.851,-15.723,blue
94,74.418,-11.398,yellow
94,68.489,-14.044,blue
94,70.221,-9.783,yellow
94,64.036,-12.145,blue
94,65.909,-7.943,yellow
94,59.501,-10.043,blue
94,61.492,-5.896,yellow
94,52.563,-6.554,blue
94,54.698,-2.479,yellow
94,45.495,-2.727,blue
94,47.734,1.291,yellow
95,87.278,-19.638,blue
95,88.031,-15.1,yellow
95,81.267,-18.353,blue
95,82.418,-13.9,yellow
95,74.995,-16.474,blue
95,76.469,-12.116,yellow
95,70.682,-14.912,blue
95,72.335,-10.619,yellow
95,66.274,-13.121,blue
95,68.079,-8.89,yellow
95,61.778,-11.118,blue
95,63.713,-6.945,yellow
95,57.205,-8.922,blue
95,59.249,-4.801,yellow
95,50.22,-5.312,blue
95,52.393,-1.258,yellow
95,43.115,-1.39,blue
95,45.382,2.613,yellow
96,85.305,-19.278,blue
96,86.2,-14.766,yellow
96,79.204,-17.791,blue
96,80.471,-13.369,yellow
96,72.851,-15.723,blue
96,74.418,-11.398,yellow
96,68.489,-14.044,blue
96,70.221,-9.783,yellow
96,64.036,-12.145,blue
96,65.909,-7.943,yellow
96,59.501,-10.043,blue
96,61.492,-5.896,yellow
96,54.892,-7.758,blue
96,56.983,-3.661,yellow
96,47.864,-4.035,blue
96,50.072,0,yellow
96,40.726,-0.028,blue
96,43.017,3.961,yellow
96,72.851,-15.723,blue
97,83.301,-18.85,blue
97,84.328,-14.366,yellow
97,77.113,-17.164,blue
97,78.487,-12.774,yellow
97,70.682,-14.912,blue
97,72.335,-10.619,yellow
97,66.274,-13.121,blue
97,68.079,-8.89,yellow
97,61.778,-11.118,blue
97,63.713,-6.945,yellow
97,57.205,-8.922,blue
97,59.249,-4.801,yellow
97,52.563,-6.554,blue
97,54.698,-2.479,yellow
97,45.495,-2.727,blue
97,47.734,1.291,yellow
97,38.329,1.357,blue
97,40.64,5.334,yellow
98,81.267,-18.353,blue
98,82.418,-13.9,yellow
98,74.995,-16.474,blue
98,76.469,-12.116,yellow
98,68.489,-14.044,blue
98,70.221,-9.783,yellow
98,64.036,-12.145,blue
98,65.909,-7.943,yellow
98,59.501,-10.043,blue
98,61.492,-5.896,yellow
98,54.892,-7.758,blue
98,56.983,-3.661,yellow
98,50.22,-5.312,blue
98,52.393,-1.258,yellow
98,43.115,-1.39,blue
98,45.382,2.613,yellow
98,35.926,2.761,blue
98,38.254,6.728,yellow
98,54.892,-7.758,blue
99,77.113,-17.164,blue
99,78.487,-12.774,yellow
99,70.682,-14.912,blue
99,72.335,-10.619,yellow
99,64.036,-12.145,blue
99,65.909,-7.943,yellow
99,59.501,-10.043,blue
99,61.492,-5.896,yellow
99,54.892,-7.758,blue
99,56.983,-3.661,yellow
99,50.22,-5.312,blue
99,52.393,-1.258,yellow
99,45.495,-2.727,blue
99,47.734,1.291,yellow
99,38.329,1.357,blue
99,40.64,5.334,yellow
99,31.103,5.613,blue
99,33.456,9.566,yellow
99,64.036,-12.145,blue
100,74.995,-16.474,blue
100,76.469,-12.116,yellow
100,68.489,-14.044,blue
100,70.221,-9.783,yellow
100,61.778,-11.118,blue
100,63.713,-6.945,yellow
100,57.205,-8.922,blue
100,59.249,-4.801,yellow
100,52.563,-6.554,blue
100,54.698,-2.479,yellow
100,47.864,-4.035,blue
100,50.072,0,yellow
100,43.115,-1.39,blue
100,45.382,2.613,yellow
100,35.926,2.761,blue
100,38.254,6.728,yellow
100,28.687,7.055,blue
100,31.048,11.003,yellow
101,72.851,-15.723,blue
101,74.418,-11.398,yellow
101,66.274,-13.121,blue
101,68.079,-8.89,yellow
101,59.501,-10.043,blue
101,61.492,-5.896,yellow
101,54.892,-7.758,blue
101,56.983,-3.661,yellow
101,50.22,-5.312,blue
101,52.393,-1.258,yellow
101,45.495,-2.727,blue
101,47.734,1.291,yellow
101,40.726,-0.028,blue
101,43.017,3.961,yellow
101,33.516,4.181,blue
101,35.858,8.14,yellow
101,26.27,8.502,blue
101,28.635,12.447,yellow
102,70.682,-14.912,blue
102,72.335,-10.619,yellow
102,64.036,-12.145,blue
102,65.909,-7.943,yellow
102,57.205,-8.922,blue
102,59.249,-4.801,yellow
102,52.563,-6.554,blue
102,54.698,-2.479,yellow
102,47.864,-4.035,blue
102,50.072,0,yellow
102,43.115,-1.39,blue
102,45.382,2.613,yellow
102,38.329,1.357,blue
102,40.64,5.334,yellow
102,31.103,5.613,blue
102,33.456,9.566,yellow
102,23.853,9.952,blue
102,26.219,13.896,yellow
102,57.205,-8.922,blue
103,68.489,-14.044,blue
103,70.221,-9.783,yellow
103,61.778,-11.118,blue
103,63.713,-6.945,yellow
103,54.892,-7.758,blue
103,56.983,-3.661,yellow
103,50.22,-5.312,blue
103,52.393,-1.258,yellow
103,45.495,-2.727,blue
103,47.734,1.291,yellow
103,40.726,-0.028,blue
103,43.017,3.961,yellow
103,35.926,2.761,blue
103,38.254,6.728,yellow
103,28.687,7.055,blue
103,31.048,11.003,yellow
103,21.437,11.401,blue
103,23.802,15.346,yellow
104,66.274,-13.121,blue
104,68.079,-8.89,yellow
104,59.501,-10.043,blue
104,61.492,-5.896,yellow
104,52.563,-6.554,blue
104,54.698,-2.479,yellow
104,47.864,-4.035,blue
104,50.072,0,yellow
104,43.115,-1.39,blue
104,45.382,2.613,yellow
104,38.329,1.357,blue
104,40.64,5.334,yellow
104,33.516,4.181,blue
104,35.858,8.14,yellow
104,26.27,8.502,blue
104,28.635,12.447,yellow
104,19.024,12.845,blue
104,21.385,16.793,yellow
105,61.778,-11.118,blue
105,63.713,-6.945,yellow
105,54.892,-7.758,blue
105,56.983,-3.661,yellow
105,47.864,-4.035,blue
105,50.072,0,yellow
105,43.115,-1.39,blue
105,45.382,2.613,yellow
105,38.329,1.357,blue
105,40.64,5.334,yellow
105,33.516,4.181,blue
105,35.858,8.14,yellow
105,28.687,7.055,blue
105,31.048,11.003,yellow
105,21.437,11.401,blue
105,23.802,15.346,yellow
105,14.214,15.708,blue
105,16.556,19.667,yellow
105,47.864,-4.035,blue
105,33.516,4.181,blue
106,59.501,-10.043,blue
106,61.492,-5.896,yellow
106,52.563,-6.554,blue
106,54.698,-2.479,yellow
106,45.495,-2.727,blue
106,47.734,1.291,yellow
106,40.726,-0.028,blue
106,43.017,3.961,yellow
106,35.926,2.761,blue
106,38.254,6.728,yellow
106,31.103,5.613,blue
106,33.456,9.566,yellow
106,26.27,8.502,blue
106,28.635,12.447,yellow
106,19.024,12.845,blue
106,21.385,16.793,yellow
106,11.818,17.12,blue
106,14.146,21.087,yellow
107,57.205,-8.922,blue
107,59.249,-4.801,yellow
107,50.22,-5.312,blue
107,52.393,-1.258,yellow
107,43.115,-1.39,blue
107,45.382,2.613,yellow
107,38.329,1.357,blue
107,40.64,5.334,yellow
107,33.516,4.181,blue
107,35.858,8.14,yellow
107,28.687,7.055,blue
107,31.048,11.003,yellow
107,23.853,9.952,blue
107,26.219,13.896,yellow
107,16.616,14.282,blue
107,18.969,18.235,yellow
107,9.432,18.514,blue
107,11.743,22.491,yellow
107,7.055,3.961,blue
107,9.346,-0.028,yellow
107,21.437,12.447,blue
107,23.802,8.502,yellow
108,54.892,-7.758,blue
108,56.983,-3.661,yellow
108,47.864,-4.035,blue
108,50.072,0,yellow
108,40.726,-0.028,blue
108,43.017,3.961,yellow
108,35.926,2.761,blue
108,38.254,6.728,yellow
108,31.103,5.613,blue
108,33.456,9.566,yellow
108,26.27,8.502,blue
108,28.635,12.447,yellow
108,21.437,11.401,blue
108,23.802,15.346,yellow
108,14.214,15.708,blue
108,16.556,19.667,yellow
108,7.055,19.887,blue
108,9.346,23.876,yellow
108,9.432,5.334,blue
108,11.743,1.357,yellow
108,23.853,13.896,blue
108,26.219,9.952,yellow
108,40.726,-0.028,blue
109,52.563,-6.554,blue
109,54.698,-2.479,yellow
109,45.495,-2.727,blue
109,47.734,1.291,yellow
109,38.329,1.357,blue
109,40.64,5.334,yellow
109,33.516,4.181,blue
109,35.858,8.14,yellow
109,28.687,7.055,blue
109,31.048,11.003,yellow
109,23.853,9.952,blue
109,26.219,13.896,yellow
109,19.024,12.845,blue
109,21.385,16.793,yellow
109,11.818,17.12,blue
109,14.146,21.087,yellow
109,4.69,21.235,blue
109,6.957,25.238,yellow
109,11.818,6.728,blue
109,14.146,2.761,yellow
109,26.27,15.346,blue
109,28.635,11.401,yellow
110,47.864,-4.035,blue
110,50.072,0,yellow
110,40.726,-0.028,blue
110,43.017,3.961,yellow
110,33.516,4.181,blue
110,35.858,8.14,yellow
110,28.687,7.055,blue
110,31.048,11.003,yellow
110,23.853,9.952,blue
110,26.219,13.896,yellow
110,19.024,12.845,blue
110,21.385,16.793,yellow
110,14.214,15.708,blue
110,16.556,19.667,yellow
110,7.055,19.887,blue
110,9.346,23.876,yellow
110,0,23.848,blue
110,2.208,27.883,yellow
110,16.616,9.566,blue
110,18.969,5.613,yellow
110,31.103,18.235,blue
110,33.456,14.282,yellow
111,45.495,-2.727,blue
111,47.734,1.291,yellow
111,38.329,1.357,blue
111,40.64,5.334,yellow
111,31.103,5.613,blue
111,33.456,9.566,yellow
111,26.27,8.502,blue
111,28.635,12.447,yellow
111,21.437,11.401,blue
111,23.802,15.346,yellow
111,16.616,14.282,blue
111,18.969,18.235,yellow
111,11.818,17.12,blue
111,14.146,21.087,yellow
111,4.69,21.235,blue
111,6.957,25.238,yellow
111,-2.321,25.106,blue
111,-0.148,29.16,yellow
111,19.024,11.003,blue
111,21.385,7.055,yellow
111,33.516,19.667,blue
111,35.858,15.708,yellow
111,31.103,5.613,blue
112,43.115,-1.39,blue
112,45.382,2.613,yellow
112,35.926,2.761,blue
112,38.254,6.728,yellow
112,28.687,7.055,blue
112,31.048,11.003,yellow
112,23.853,9.952,blue
112,26.219,13.896,yellow
112,19.024,12.845,blue
112,21.385,16.793,yellow
112,14.214,15.708,blue
112,16.556,19.667,yellow
112,9.432,18.514,blue
112,11.743,22.491,yellow
112,2.338,22.557,blue
112,4.577,26.575,yellow
112,-4.626,26.327,blue
112,-2.491,30.402,yellow
112,21.437,12.447,blue
112,23.802,8.502,yellow
112,35.926,21.087,blue
112,38.254,17.12,yellow
112,14.214,15.708,blue
113,40.726,-0.028,blue
113,43.017,3.961,yellow
113,33.516,4.181,blue
113,35.858,8.14,yellow
113,26.27,8.502,blue
113,28.635,12.447,yellow
113,21.437,11.401,blue
113,23.802,15.346,yellow
113,16.616,14.282,blue
113,18.969,18.235,yellow
113,11.818,17.12,blue
113,14.146,21.087,yellow
113,7.055,19.887,blue
113,9.346,23.876,yellow
113,0,23.848,blue
113,2.208,27.883,yellow
113,-6.911,27.509,blue
113,-4.82,31.606,yellow
113,23.853,13.896,blue
113,26.219,9.952,yellow
113,38.329,22.491,blue
113,40.64,18.514,yellow
114,38.329,1.357,blue
114,40.64,5.334,yellow
114,31.103,5.613,blue
114,33.456,9.566,yellow
114,23.853,9.952,blue
114,26.219,13.896,yellow
114,19.024,12.845,blue
114,21.385,16.793,yellow
114,14.214,15.708,blue
114,16.556,19.667,yellow
114,9.432,18.514,blue
114,11.743,22.491,yellow
114,4.69,21.235,blue
114,6.957,25.238,yellow
114,-2.321,25.106,blue
114,-0.148,29.16,yellow
114,-9.177,28.649,blue
114,-7.133,32.77,yellow
114,26.27,15.346,blue
114,28.635,11.401,yellow
114,40.726,23.876,blue
114,43.017,19.887,yellow
114,23.853,9.952,blue
115,35.926,2.761,blue
115,38.254,6.728,yellow
115,28.687,7.055,blue
115,31.048,11.003,yellow
115,21.437,11.401,blue
115,23.802,15.346,yellow
115,16.616,14.282,blue
115,18.969,18.235,yellow
115,11.818,17.12,blue
115,14.146,21.087,yellow
115,7.055,19.887,blue
115,9.346,23.876,yellow
115,2.338,22.557,blue
115,4.577,26.575,yellow
115,-4.626,26.327,blue
115,-2.491,30.402,yellow
115,-11.42,29.744,blue
115,-9.429,33.891,yellow
116,31.103,5.613,blue
116,33.456,9.566,yellow
116,23.853,9.952,blue
116,26.219,13.896,yellow
116,16.616,14.282,blue
116,18.969,18.235,yellow
116,11.818,17.12,blue
116,14.146,21.087,yellow
116,7.055,19.887,blue
116,9.346,23.876,yellow
116,2.338,22.557,blue
116,4.577,26.575,yellow
116,-2.321,25.106,blue
116,-0.148,29.16,yellow
116,-9.177,28.649,blue
116,-7.133,32.77,yellow
116,-15.837,31.791,blue
116,-13.964,35.993,yellow
117,28.687,7.055,blue
117,31.048,11.003,yellow
117,21.437,11.401,blue
117,23.802,15.346,yellow
117,14.214,15.708,blue
117,16.556,19.667,yellow
117,9.432,18.514,blue
117,11.743,22.491,yellow
117,4.69,21.235,blue
117,6.957,25.238,yellow
117,0,23.848,blue
117,2.208,27.883,yellow
117,-4.626,26.327,blue
117,-2.491,30.402,yellow
117,-11.42,29.744,blue
117,-9.429,33.891,yellow
117,-18.007,32.738,blue
117,-16.202,36.969,yellow
117,14.214,15.708,blue
118,26.27,8.502,blue
118,28.635,12.447,yellow
118,19.024,12.845,blue
118,21.385,16.793,yellow
118,11.818,17.12,blue
118,14.146,21.087,yellow
118,7.055,19.887,blue
118,9.346,23.876,yellow
118,2.338,22.557,blue
118,4.577,26.575,yellow
118,-2.321,25.106,blue
118,-0.148,29.16,yellow
118,-6.911,27.509,blue
118,-4.82,31.606,yellow
118,-13.641,30.793,blue
118,-11.706,34.966,yellow
118,-20.149,33.631,blue
118,-18.417,37.892,yellow
119,23.853,9.952,blue
119,26.219,13.896,yellow
119,16.616,14.282,blue
119,18.969,18.235,yellow
119,9.432,18.514,blue
119,11.743,22.491,yellow
119,4.69,21.235,blue
119,6.957,25.238,yellow
119,0,23.848,blue
119,2.208,27.883,yellow
119,-4.626,26.327,blue
119,-2.491,30.402,yellow
119,-9.177,28.649,blue
119,-7.133,32.77,yellow
119,-15.837,31.791,blue
119,-13.964,35.993,yellow
119,-22.263,34.467,blue
119,-20.61,38.76,yellow
119,-4.626,26.327,blue
120,21.437,11.401,blue
120,23.802,15.346,yellow
120,14.214,15.708,blue
120,16.556,19.667,yellow
120,7.055,19.887,blue
120,9.346,23.876,yellow
120,2.338,22.557,blue
120,4.577,26.575,yellow
120,-2.321,25.106,blue
120,-0.148,29.16,yellow
120,-6.911,27.509,blue
120,-4.82,31.606,yellow
120,-11.42,29.744,blue
120,-9.429,33.891,yellow
120,-18.007,32.738,blue
120,-16.202,36.969,yellow
120,-24.346,35.246,blue
120,-22.779,39.571,yellow
120,7.055,19.887,blue
121,16.616,14.282,blue
121,18.969,18.235,yellow
121,9.432,18.514,blue
121,11.743,22.491,yellow
121,2.338,22.557,blue
121,4.577,26.575,yellow
121,-2.321,25.106,blue
121,-0.148,29.16,yellow
121,-6.911,27.509,blue
121,-4.82,31.606,yellow
121,-11.42,29.744,blue
121,-9.429,33.891,yellow
121,-15.837,31.791,blue
121,-13.964,35.993,yellow
121,-22.263,34.467,blue
121,-20.61,38.76,yellow
121,-28.415,36.622,blue
121,-27.041,41.012,yellow
122,14.214,15.708,blue
122,16.556,19.667,yellow
122,7.055,19.887,blue
122,9.346,23.876,yellow
122,0,23.848,blue
122,2.208,27.883,yellow
122,-4.626,26.327,blue
122,-2.491,30.402,yellow
122,-9.177,28.649,blue
122,-7.133,32.77,yellow
122,-13.641,30.793,blue
122,-11.706,34.966,yellow
122,-18.007,32.738,blue
122,-16.202,36.969,yellow
122,-24.346,35.246,blue
122,-22.779,39.571,yellow
122,-30.399,37.217,blue
122,-29.132,41.639,yellow
123,11.818,17.12,blue
123,14.146,21.087,yellow
123,4.69,21.235,blue
123,6.957,25.238,yellow
123,-2.321,25.106,blue
123,-0.148,29.16,yellow
123,-6.911,27.509,blue
123,-4.82,31.606,yellow
123,-11.42,29.744,blue
123,-9.429,33.891,yellow
123,-15.837,31.791,blue
123,-13.964,35.993,yellow
123,-20.149,33.631,blue
123,-18.417,37.892,yellow
123,-26.397,35.964,blue
123,-24.923,40.322,yellow
123,-32.346,37.748,blue
123,-31.195,42.201,yellow
123,-2.321,25.106,blue
124,9.432,18.514,blue
124,11.743,22.491,yellow
124,2.338,22.557,blue
124,4.577,26.575,yellow
124,-4.626,26.327,blue
124,-2.491,30.402,yellow
124,-9.177,28.649,blue
124,-7.133,32.77,yellow
124,-13.641,30.793,blue
124,-11.706,34.966,yellow
124,-18.007,32.738,blue
124,-16.202,36.969,yellow
124,-22.263,34.467,blue
124,-20.61,38.76,yellow
124,-28.415,36.622,blue
124,-27.041,41.012,yellow
124,-34.256,38.214,blue
124,-33.229,42.698,yellow
125,7.055,19.887,blue
125,9.346,23.876,yellow
125,0,23.848,blue
125,2.208,27.883,yellow
125,-6.911,27.509,blue
125,-4.82,31.606,yellow
125,-11.42,29.744,blue
125,-9.429,33.891,yellow
125,-15.837,31.791,blue
125,-13.964,35.993,yellow
125,-20.149,33.631,blue
125,-18.417,37.892,yellow
125,-24.346,35.246,blue
125,-22.779,39.571,yellow
125,-30.399,37.217,blue
125,-29.132,41.639,yellow
125,-36.128,38.614,blue
125,-35.233,43.126,yellow
126,4.69,21.235,blue
126,6.957,25.238,yellow
126,-2.321,25.106,blue
126,-0.148,29.16,yellow
126,-9.177,28.649,blue
126,-7.133,32.77,yellow
126,-13.641,30.793,blue
126,-11.706,34.966,yellow
126,-18.007,32.738,blue
126,-16.202,36.969,yellow
126,-22.263,34.467,blue
126,-20.61,38.76,yellow
126,-26.397,35.964,blue
126,-24.923,40.322,yellow
126,-32.346,37.748,blue
126,-31.195,42.201,yellow
126,-37.959,38.948,blue
126,-37.206,43.486,yellow
126,-9.177,28.649,blue
126,-22.263,34.467,blue
127,0,23.848,blue
127,2.208,27.883,yellow
127,-6.911,27.509,blue
127,-4.82,31.606,yellow
127,-13.641,30.793,blue
127,-11.706,34.966,yellow
127,-18.007,32.738,blue
127,-16.202,36.969,yellow
127,-22.263,34.467,blue
127,-20.61,38.76,yellow
127,-26.397,35.964,blue
127,-24.923,40.322,yellow
127,-30.399,37.217,blue
127,-29.132,41.639,yellow
127,-36.128,38.614,blue
127,-35.233,43.126,yellow
127,-41.497,39.416,blue
127,-41.055,43.995,yellow
128,-2.321,25.106,blue
128,-0.148,29.16,yellow
128,-9.177,28.649,blue
128,-7.133,32.77,yellow
128,-15.837,31.791,blue
128,-13.964,35.993,yellow
128,-20.149,33.631,blue
128,-18.417,37.892,yellow
128,-24.346,35.246,blue
128,-22.779,39.571,yellow
128,-28.415,36.622,blue
128,-27.041,41.012,yellow
128,-32.346,37.748,blue
128,-31.195,42.201,yellow
128,-37.959,38.948,blue
128,-37.206,43.486,yellow
128,-43.202,39.549,blue
128,-42.929,44.141,yellow
129,-4.626,26.327,blue
129,-2.491,30.402,yellow
129,-11.42,29.744,blue
129,-9.429,33.891,yellow
129,-18.007,32.738,blue
129,-16.202,36.969,yellow
129,-22.263,34.467,blue
129,-20.61,38.76,yellow
129,-26.397,35.964,blue
129,-24.923,40.322,yellow
129,-30.399,37.217,blue
129,-29.132,41.639,yellow
129,-34.256,38.214,blue
129,-33.229,42.698,yellow
129,-39.75,39.216,blue
129,-39.147,43.776,yellow
129,-44.862,39.616,blue
129,-44.769,44.215,yellow
129,-18.007,32.738,blue
130,-6.911,27.509,blue
130,-4.82,31.606,yellow
130,-13.641,30.793,blue
130,-11.706,34.966,yellow
130,-20.149,33.631,blue
130,-18.417,37.892,yellow
130,-24.346,35.246,blue
130,-22.779,39.571,yellow
130,-28.415,36.622,blue
130,-27.041,41.012,yellow
130,-32.346,37.748,blue
130,-31.195,42.201,yellow
130,-36.128,38.614,blue
130,-35.233,43.126,yellow
130,-41.497,39.416,blue
130,-41.055,43.995,yellow
130,-46.476,39.616,blue
130,-46.572,44.215,yellow
131,-9.177,28.649,blue
131,-7.133,32.77,yellow
131,-15.837,31.791,blue
131,-13.964,35.993,yellow
131,-22.263,34.467,blue
131,-20.61,38.76,yellow
131,-26.397,35.964,blue
131,-24.923,40.322,yellow
131,-30.399,37.217,blue
131,-29.132,41.639,yellow
131,-34.256,38.214,blue
131,-33.229,42.698,yellow
131,-37.959,38.948,blue
131,-37.206,43.486,yellow
131,-43.202,39.549,blue
131,-42.929,44.141,yellow
131,-48.044,39.55,blue
131,-48.337,44.141,yellow
132,-13.641,30.793,blue
132,-11.706,34.966,yellow
132,-20.149,33.631,blue
132,-18.417,37.892,yellow
132,-26.397,35.964,blue
132,-24.923,40.322,yellow
132,-30.399,37.217,blue
132,-29.132,41.639,yellow
132,-34.256,38.214,blue
132,-33.229,42.698,yellow
132,-37.959,38.948,blue
132,-37.206,43.486,yellow
132,-41.497,39.416,blue
132,-41.055,43.995,yellow
132,-46.476,39.616,blue
132,-46.572,44.215,yellow
132,-51.04,39.223,blue
132,-51.752,43.768,yellow
132,-26.397,35.964,blue
133,-15.837,31.791,blue
133,-13.964,35.993,yellow
133,-22.263,34.467,blue
133,-20.61,38.76,yellow
133,-28.415,36.622,blue
133,-27.041,41.012,yellow
133,-32.346,37.748,blue
133,-31.195,42.201,yellow
133,-36.128,38.614,blue
133,-35.233,43.126,yellow
133,-39.75,39.216,blue
133,-39.147,43.776,yellow
133,-43.202,39.549,blue
133,-42.929,44.141,yellow
133,-48.044,39.55,blue
133,-48.337,44.141,yellow
133,-52.466,38.965,blue
133,-53.397,43.47,yellow
133,-39.75,39.216,blue
134,-18.007,32.738,blue
134,-16.202,36.969,yellow
134,-24.346,35.246,blue
134,-22.779,39.571,yellow
134,-30.399,37.217,blue
134,-29.132,41.639,yellow
134,-34.256,38.214,blue
134,-33.229,42.698,yellow
134,-37.959,38.948,blue
134,-37.206,43.486,yellow
134,-41.497,39.416,blue
134,-41.055,43.995,yellow
134,-44.862,39.616,blue
134,-44.769,44.215,yellow
134,-49.566,39.419,blue
134,-50.064,43.992,yellow
134,-53.844,38.644,blue
134,-55,43.096,yellow
135,-20.149,33.631,blue
135,-18.417,37.892,yellow
135,-26.397,35.964,blue
135,-24.923,40.322,yellow
135,-32.346,37.748,blue
135,-31.195,42.201,yellow
135,-36.128,38.614,blue
135,-35.233,43.126,yellow
135,-39.75,39.216,blue
135,-39.147,43.776,yellow
135,-43.202,39.549,blue
135,-42.929,44.141,yellow
135,-46.476,39.616,blue
135,-46.572,44.215,yellow
135,-51.04,39.223,blue
135,-51.752,43.768,yellow
135,-55.174,38.262,blue
135,-56.558,42.649,yellow
135,-32.346,37.748,blue
136,-22.263,34.467,blue
136,-20.61,38.76,yellow
136,-28.415,36.622,blue
136,-27.041,41.012,yellow
136,-34.256,38.214,blue
136,-33.229,42.698,yellow
136,-37.959,38.948,blue
136,-37.206,43.486,yellow
136,-41.497,39.416,blue
136,-41.055,43.995,yellow
136,-44.862,39.616,blue
136,-44.769,44.215,yellow
136,-48.044,39.55,blue
136,-48.337,44.141,yellow
136,-52.466,38.965,blue
136,-53.397,43.47,yellow
136,-56.456,37.821,blue
136,-58.069,42.128,yellow
137,-24.346,35.246,blue
137,-22.779,39.571,yellow
137,-30.399,37.217,blue
137,-29.132,41.639,yellow
137,-36.128,38.614,blue
137,-35.233,43.126,yellow
137,-39.75,39.216,blue
137,-39.147,43.776,yellow
137,-43.202,39.549,blue
137,-42.929,44.141,yellow
137,-46.476,39.616,blue
137,-46.572,44.215,yellow
137,-49.566,39.419,blue
137,-50.064,43.992,yellow
137,-53.844,38.644,blue
137,-55,43.096,yellow
137,-57.69,37.32,blue
137,-59.532,41.535,yellow
138,-28.415,36.622,blue
138,-27.041,41.012,yellow
138,-34.256,38.214,blue
138,-33.229,42.698,yellow
138,-39.75,39.216,blue
138,-39.147,43.776,yellow
138,-43.202,39.549,blue
138,-42.929,44.141,yellow
138,-46.476,39.616,blue
138,-46.572,44.215,yellow
138,-49.566,39.419,blue
138,-50.064,43.992,yellow
138,-52.466,38.965,blue
138,-53.397,43.47,yellow
138,-56.456,37.821,blue
138,-58.069,42.128,yellow
138,-60.014,36.149,blue
138,-62.308,40.137,yellow
138,-39.75,39.216,blue
139,-30.399,37.217,blue
139,-29.132,41.639,yellow
139,-36.128,38.614,blue
139,-35.233,43.126,yellow
139,-41.497,39.416,blue
139,-41.055,43.995,yellow
139,-44.862,39.616,blue
139,-44.769,44.215,yellow
139,-48.044,39.55,blue
139,-48.337,44.141,yellow
139,-51.04,39.223,blue
139,-51.752,43.768,yellow
139,-53.844,38.644,blue
139,-55,43.096,yellow
139,-57.69,37.32,blue
139,-59.532,41.535,yellow
139,-61.105,35.481,blue
139,-63.616,39.335,yellow
140,-32.346,37.748,blue
140,-31.195,42.201,yellow
140,-37.959,38.948,blue
140,-37.206,43.486,yellow
140,-43.202,39.549,blue
140,-42.929,44.141,yellow
140,-46.476,39.616,blue
140,-46.572,44.215,yellow
140,-49.566,39.419,blue
140,-50.064,43.992,yellow
140,-52.466,38.965,blue
140,-53.397,43.47,yellow
140,-55.174,38.262,blue
140,-56.558,42.649,yellow
140,-58.876,36.763,blue
140,-60.946,40.871,yellow
140,-62.149,34.759,blue
140,-64.87,38.468,yellow
140,-52.466,38.965,blue
141,-34.256,38.214,blue
141,-33.229,42.698,yellow
141,-39.75,39.216,blue
141,-39.147,43.776,yellow
141,-44.862,39.616,blue
141,-44.769,44.215,yellow
141,-48.044,39.55,blue
141,-48.337,44.141,yellow
141,-51.04,39.223,blue
141,-51.752,43.768,yellow
141,-53.844,38.644,blue
141,-55,43.096,yellow
141,-56.456,37.821,blue
141,-58.069,42.128,yellow
141,-60.014,36.149,blue
141,-62.308,40.137,yellow
141,-63.146,33.985,blue
141,-66.067,37.538,yellow
141,-44.862,39.616,blue
142,-36.128,38.614,blue
142,-35.233,43.126,yellow
142,-41.497,39.416,blue
142,-41.055,43.995,yellow
142,-46.476,39.616,blue
142,-46.572,44.215,yellow
142,-49.566,39.419,blue
142,-50.064,43.992,yellow
142,-52.466,38.965,blue
142,-53.397,43.47,yellow
142,-55.174,38.262,blue
142,-56.558,42.649,yellow
142,-57.69,37.32,blue
142,-59.532,41.535,yellow
142,-61.105,35.481,blue
142,-63.616,39.335,yellow
142,-64.096,33.159,blue
142,-67.207,36.548,yellow
143,-39.75,39.216,blue
143,-39.147,43.776,yellow
143,-44.862,39.616,blue
143,-44.769,44.215,yellow
143,-49.566,39.419,blue
143,-50.064,43.992,yellow
143,-52.466,38.965,blue
143,-53.397,43.47,yellow
143,-55.174,38.262,blue
143,-56.558,42.649,yellow
143,-57.69,37.32,blue
143,-59.532,41.535,yellow
143,-60.014,36.149,blue
143,-62.308,40.137,yellow
143,-63.146,33.985,blue
143,-66.067,37.538,yellow
143,-65.853,31.362,blue
143,-69.31,34.397,yellow
144,-41.497,39.416,blue
144,-41.055,43.995,yellow
144,-46.476,39.616,blue
144,-46.572,44.215,yellow
144,-51.04,39.223,blue
144,-51.752,43.768,yellow
144,-53.844,38.644,blue
144,-55,43.096,yellow
144,-56.456,37.821,blue
144,-58.069,42.128,yellow
144,-58.876,36.763,blue
144,-60.946,40.871,yellow
144,-61.105,35.481,blue
144,-63.616,39.335,yellow
144,-64.096,33.159,blue
144,-67.207,36.548,yellow
144,-66.66,30.392,blue
144,-70.271,33.243,yellow
144,-51.04,39.223,blue
145,-43.202,39.549,blue
145,-42.929,44.141,yellow
145,-48.044,39.55,blue
145,-48.337,44.141,yellow
145,-52.466,38.965,blue
145,-53.397,43.47,yellow
145,-55.174,38.262,blue
145,-56.558,42.649,yellow
145,-57.69,37.32,blue
145,-59.532,41.535,yellow
145,-60.014,36.149,blue
145,-62.308,40.137,yellow
145,-62.149,34.759,blue
145,-64.87,38.468,yellow
145,-64.998,32.284,blue
145,-68.288,35.5,yellow
145,-67.419,29.379,blue
145,-71.171,32.04,yellow
146,-44.862,39.616,blue
146,-44.769,44.215,yellow
146,-49.566,39.419,blue
146,-50.064,43.992,yellow
146,-53.844,38.644,blue
146,-55,43.096,yellow
146,-56.456,37.821,blue
146,-58.069,42.128,yellow
146,-58.876,36.763,blue
146,-60.946,40.871,yellow
146,-61.105,35.481,blue
146,-63.616,39.335,yellow
146,-63.146,33.985,blue
146,-66.067,37.538,yellow
146,-65.853,31.362,blue
146,-69.31,34.397,yellow
146,-68.129,28.322,blue
146,-72.01,30.793,yellow
147,-46.476,39.616,blue
147,-46.572,44.215,yellow
147,-51.04,39.223,blue
147,-51.752,43.768,yellow
147,-55.174,38.262,blue
147,-56.558,42.649,yellow
147,-57.69,37.32,blue
147,-59.532,41.535,yellow
147,-60.014,36.149,blue
147,-62.308,40.137,yellow
147,-62.149,34.759,blue
147,-64.87,38.468,yellow
147,-64.096,33.159,blue
147,-67.207,36.548,yellow
147,-66.66,30.392,blue
147,-70.271,33.243,yellow
147,-68.79,27.226,blue
147,-72.787,29.503,yellow
147,-55.174,38.262,blue
147,-62.149,34.759,blue
148,-48.044,39.55,blue
148,-48.337,44.141,yellow
148,-52.466,38.965,blue
148,-53.397,43.47,yellow
148,-56.456,37.821,blue
148,-58.069,42.128,yellow
148,-58.876,36.763,blue
148,-60.946,40.871,yellow
148,-61.105,35.481,blue
148,-63.616,39.335,yellow
148,-63.146,33.985,blue
148,-66.067,37.538,yellow
148,-64.998,32.284,blue
148,-68.288,35.5,yellow
148,-67.419,29.379,blue
148,-71.171,32.04,yellow
148,-69.401,26.091,blue
148,-73.502,28.174,yellow
149,-51.04,39.223,blue
149,-51.752,43.768,yellow
149,-55.174,38.262,blue
149,-56.558,42.649,yellow
149,-58.876,36.763,blue
149,-60.946,40.871,yellow
149,-61.105,35.481,blue
149,-63.616,39.335,yellow
149,-63.146,33.985,blue
149,-66.067,37.538,yellow
149,-64.998,32.284,blue
149,-68.288,35.5,yellow
149,-66.66,30.392,blue
149,-70.271,33.243,yellow
149,-68.79,27.226,blue
149,-72.787,29.503,yellow
149,-70.47,23.718,blue
149,-74.746,25.414,yellow
150,-52.466,38.965,blue
150,-53.397,43.47,yellow
150,-56.456,37.821,blue
150,-58.069,42.128,yellow
150,-60.014,36.149,blue
150,-62.308,40.137,yellow
150,-62.149,34.759,blue
150,-64.87,38.468,yellow
150,-64.096,33.159,blue
150,-67.207,36.548,yellow
150,-65.853,31.362,blue
150,-69.31,34.397,yellow
150,-67.419,29.379,blue
150,-71.171,32.04,yellow
150,-69.401,26.091,blue
150,-73.502,28.174,yellow
150,-70.927,22.485,blue
150,-75.275,23.988,yellow
150,-60.014,36.149,blue
151,-53.844,38.644,blue
151,-55,43.096,yellow
151,-57.69,37.32,blue
151,-59.532,41.535,yellow
151,-61.105,35.481,blue
151,-63.616,39.335,yellow
151,-63.146,33.985,blue
151,-66.067,37.538,yellow
151,-64.998,32.284,blue
151,-68.288,35.5,yellow
151,-66.66,30.392,blue
151,-70.271,33.243,yellow
151,-68.129,28.322,blue
151,-72.01,30.793,yellow
151,-69.961,24.921,blue
151,-74.155,26.81,yellow
151,-71.332,21.225,blue
151,-75.741,22.537,yellow
152,-55.174,38.262,blue
152,-56.558,42.649,yellow
152,-58.876,36.763,blue
152,-60.946,40.871,yellow
152,-62.149,34.759,blue
152,-64.87,38.468,yellow
152,-64.096,33.159,blue
152,-67.207,36.548,yellow
152,-65.853,31.362,blue
152,-69.31,34.397,yellow
152,-67.419,29.379,blue
152,-71.171,32.04,yellow
152,-68.79,27.226,blue
152,-72.787,29.503,yellow
152,-70.47,23.718,blue
152,-74.746,25.414,yellow
152,-71.684,19.942,blue
152,-76.145,21.063,yellow
153,-56.456,37.821,blue
153,-58.069,42.128,yellow
153,-60.014,36.149,blue
153,-62.308,40.137,yellow
153,-63.146,33.985,blue
153,-66.067,37.538,yellow
153,-64.998,32.284,blue
153,-68.288,35.5,yellow
153,-66.66,30.392,blue
153,-70.271,33.243,yellow
153,-68.129,28.322,blue
153,-72.01,30.793,yellow
153,-69.401,26.091,blue
153,-73.502,28.174,yellow
153,-70.927,22.485,blue
153,-75.275,23.988,yellow
153,-71.983,18.637,blue
153,-76.487,19.569,yellow
153,-63.146,33.985,blue
154,-58.876,36.763,blue
154,-60.946,40.871,yellow
154,-62.149,34.759,blue
154,-64.87,38.468,yellow
154,-64.998,32.284,blue
154,-68.288,35.5,yellow
154,-66.66,30.392,blue
154,-70.271,33.243,yellow
154,-68.129,28.322,blue
154,-72.01,30.793,yellow
154,-69.401,26.091,blue
154,-73.502,28.174,yellow
154,-70.47,23.718,blue
154,-74.746,25.414,yellow
154,-71.684,19.942,blue
154,-76.145,21.063,yellow
154,-72.418,15.98,blue
154,-76.984,16.537,yellow
154,-69.401,26.091,blue
155,-60.014,36.149,blue
155,-62.308,40.137,yellow
155,-63.146,33.985,blue
155,-66.067,37.538,yellow
155,-65.853,31.362,blue
155,-69.31,34.397,yellow
155,-67.419,29.379,blue
155,-71.171,32.04,yellow
155,-68.79,27.226,blue
155,-72.787,29.503,yellow
155,-69.961,24.921,blue
155,-74.155,26.81,yellow
155,-70.927,22.485,blue
155,-75.275,23.988,yellow
155,-71.983,18.637,blue
155,-76.487,19.569,yellow
155,-72.555,14.634,blue
155,-77.14,15.005,yellow
156,-61.105,35.481,blue
156,-63.616,39.335,yellow
156,-64.096,33.159,blue
156,-67.207,36.548,yellow
156,-66.66,30.392,blue
156,-70.271,33.243,yellow
156,-68.129,28.322,blue
156,-72.01,30.793,yellow
156,-69.401,26.091,blue
156,-73.502,28.174,yellow
156,-70.47,23.718,blue
156,-74.746,25.414,yellow
156,-71.332,21.225,blue
156,-75.741,22.537,yellow
156,-72.227,17.316,blue
156,-76.767,18.06,yellow
156,-72.637,13.281,blue
156,-77.233,13.466,yellow
156,-66.66,30.392,blue
157,-62.149,34.759,blue
157,-64.87,38.468,yellow
157,-64.998,32.284,blue
157,-68.288,35.5,yellow
157,-67.419,29.379,blue
157,-71.171,32.04,yellow
157,-68.79,27.226,blue
157,-72.787,29.503,yellow
157,-69.961,24.921,blue
157,-74.155,26.81,yellow
157,-70.927,22.485,blue
157,-75.275,23.988,yellow
157,-71.684,19.942,blue
157,-76.145,21.063,yellow
157,-72.418,15.98,blue
157,-76.984,16.537,yellow
157,-72.664,11.924,blue
157,-77.264,11.924,yellow
158,-63.146,33.985,blue
158,-66.067,37.538,yellow
158,-65.853,31.362,blue
158,-69.31,34.397,yellow
158,-68.129,28.322,blue
158,-72.01,30.793,yellow
158,-69.401,26.091,blue
158,-73.502,28.174,yellow
158,-70.47,23.718,blue
158,-74.746,25.414,yellow
158,-71.332,21.225,blue
158,-75.741,22.537,yellow
158,-71.983,18.637,blue
158,-76.487,19.569,yellow
158,-72.555,14.634,blue
158,-77.14,15.005,yellow
158,-72.637,10.567,blue
158,-77.233,10.382,yellow
159,-64.096,33.159,blue
159,-67.207,36.548,yellow
159,-66.66,30.392,blue
159,-70.271,33.243,yellow
159,-68.79,27.226,blue
159,-72.787,29.503,yellow
159,-69.961,24.921,blue
159,-74.155,26.81,yellow
159,-70.927,22.485,blue
159,-75.275,23.988,yellow
159,-71.684,19.942,blue
159,-76.145,21.063,yellow
159,-72.227,17.316,blue
159,-76.767,18.06,yellow
159,-72.637,13.281,blue
159,-77.233,13.466,yellow
159,-72.555,9.214,blue
159,-77.14,8.843,yellow
159,-68.79,27.226,blue
160,-65.853,31.362,blue
160,-69.31,34.397,yellow
160,-68.129,28.322,blue
160,-72.01,30.793,yellow
160,-69.961,24.921,blue
160,-74.155,26.81,yellow
160,-70.927,22.485,blue
160,-75.275,23.988,yellow
160,-71.684,19.942,blue
160,-76.145,21.063,yellow
160,-72.227,17.316,blue
160,-76.767,18.06,yellow
160,-72.555,14.634,blue
160,-77.14,15.005,yellow
160,-72.637,10.567,blue
160,-77.233,10.382,yellow
160,-72.227,6.532,blue
160,-76.767,5.788,yellow
161,-66.66,30.392,blue
161,-70.271,33.243,yellow
161,-68.79,27.226,blue
161,-72.787,29.503,yellow
161,-70.47,23.718,blue
161,-74.746,25.414,yellow
161,-71.332,21.225,blue
161,-75.741,22.537,yellow
161,-71.983,18.637,blue
161,-76.487,19.569,yellow
161,-72.418,15.98,blue
161,-76.984,16.537,yellow
161,-72.637,13.281,blue
161,-77.233,13.466,yellow
161,-72.555,9.214,blue
161,-77.14,8.843,yellow
161,-71.983,5.211,blue
161,-76.487,4.279,yellow
161,-72.418,15.98,blue
162,-67.419,29.379,blue
162,-71.171,32.04,yellow
162,-69.401,26.091,blue
162,-73.502,28.174,yellow
162,-70.927,22.485,blue
162,-75.275,23.988,yellow
162,-71.684,19.942,blue
162,-76.145,21.063,yellow
162,-72.227,17.316,blue
162,-76.767,18.06,yellow
162,-72.555,14.634,blue
162,-77.14,15.005,yellow
162,-72.664,11.924,blue
162,-77.264,11.924,yellow
162,-72.418,7.868,blue
162,-76.984,7.311,yellow
162,-71.684,3.906,blue
162,-76.145,2.785,yellow
162,-70.927,22.485,blue
163,-68.129,28.322,blue
163,-72.01,30.793,yellow
163,-69.961,24.921,blue
163,-74.155,26.81,yellow
163,-71.332,21.225,blue
163,-75.741,22.537,yellow
163,-71.983,18.637,blue
163,-76.487,19.569,yellow
163,-72.418,15.98,blue
163,-76.984,16.537,yellow
163,-72.637,13.281,blue
163,-77.233,13.466,yellow
163,-72.637,10.567,blue
163,-77.233,10.382,yellow
163,-72.227,6.532,blue
163,-76.767,5.788,yellow
163,-71.332,2.623,blue
163,-75.741,1.311,yellow
164,-68.79,27.226,blue
164,-72.787,29.503,yellow
164,-70.47,23.718,blue
164,-74.746,25.414,yellow
164,-71.684,19.942,blue
164,-76.145,21.063,yellow
164,-72.227,17.316,blue
164,-76.767,18.06,yellow
164,-72.555,14.634,blue
164,-77.14,15.005,yellow
164,-72.664,11.924,blue
164,-77.264,11.924,yellow
164,-72.555,9.214,blue
164,-77.14,8.843,yellow
164,-71.983,5.211,blue
164,-76.487,4.279,yellow
164,-70.927,1.363,blue
164,-75.275,-0.14,yellow
165,-69.961,24.921,blue
165,-74.155,26.81,yellow
165,-71.332,21.225,blue
165,-75.741,22.537,yellow
165,-72.227,17.316,blue
165,-76.767,18.06,yellow
165,-72.555,14.634,blue
165,-77.14,15.005,yellow
165,-72.664,11.924,blue
165,-77.264,11.924,yellow
165,-72.555,9.214,blue
165,-77.14,8.843,yellow
165,-72.227,6.532,blue
165,-76.767,5.788,yellow
165,-71.332,2.623,blue
165,-75.741,1.311,yellow
165,-69.961,-1.073,blue
165,-74.155,-2.962,yellow
165,-72.227,17.316,blue
166,-70.47,23.718,blue
166,-74.746,25.414,yellow
166,-71.684,19.942,blue
166,-76.145,21.063,yellow
166,-72.418,15.98,blue
166,-76.984,16.537,yellow
166,-72.637,13.281,blue
166,-77.233,13.466,yellow
166,-72.637,10.567,blue
166,-77.233,10.382,yellow
166,-72.418,7.868,blue
166,-76.984,7.311,yellow
166,-71.983,5.211,blue
166,-76.487,4.279,yellow
166,-70.927,1.363,blue
166,-75.275,-0.14,yellow
166,-69.401,-2.243,blue
166,-73.502,-4.326,yellow
167,-70.927,22.485,blue
167,-75.275,23.988,yellow
167,-71.983,18.637,blue
167,-76.487,19.569,yellow
167,-72.555,14.634,blue
167,-77.14,15.005,yellow
167,-72.664,11.924,blue
167,-77.264,11.924,yellow
167,-72.555,9.214,blue
167,-77.14,8.843,yellow
167,-72.227,6.532,blue
167,-76.767,5.788,yellow
167,-71.684,3.906,blue
167,-76.145,2.785,yellow
167,-70.47,0.13,blue
167,-74.746,-1.566,yellow
167,-68.79,-3.378,blue
167,-72.787,-5.655,yellow
168,-71.332,21.225,blue
168,-75.741,22.537,yellow
168,-72.227,17.316,blue
168,-76.767,18.06,yellow
168,-72.637,13.281,blue
168,-77.233,13.466,yellow
168,-72.637,10.567,blue
168,-77.233,10.382,yellow
168,-72.418,7.868,blue
168,-76.984,7.311,yellow
168,-71.983,5.211,blue
168,-76.487,4.279,yellow
168,-71.332,2.623,blue
168,-75.741,1.311,yellow
168,-69.961,-1.073,blue
168,-74.155,-2.962,yellow
168,-68.129,-4.474,blue
168,-72.01,-6.945,yellow
168,-72.637,13.281,blue
168,-71.983,5.211,blue
169,-71.684,19.942,blue
169,-76.145,21.063,yellow
169,-72.418,15.98,blue
169,-76.984,16.537,yellow
169,-72.664,11.924,blue
169,-77.264,11.924,yellow
169,-72.555,9.214,blue
169,-77.14,8.843,yellow
169,-72.227,6.532,blue
169,-76.767,5.788,yellow
169,-71.684,3.906,blue
169,-76.145,2.785,yellow
169,-70.927,1.363,blue
169,-75.275,-0.14,yellow
169,-69.401,-2.243,blue
169,-73.502,-4.326,yellow
169,-67.419,-5.531,blue
169,-71.171,-8.192,yellow
170,-71.983,18.637,blue
170,-76.487,19.569,yellow
170,-72.555,14.634,blue
170,-77.14,15.005,yellow
170,-72.637,10.567,blue
170,-77.233,10.382,yellow
170,-72.418,7.868,blue
170,-76.984,7.311,yellow
170,-71.983,5.211,blue
170,-76.487,4.279,yellow
170,-71.332,2.623,blue
170,-75.741,1.311,yellow
170,-70.47,0.13,blue
170,-74.746,-1.566,yellow
170,-68.79,-3.378,blue
170,-72.787,-5.655,yellow
170,-66.66,-6.544,blue
170,-70.271,-9.395,yellow
171,-72.418,15.98,blue
171,-76.984,16.537,yellow
171,-72.664,11.924,blue
171,-77.264,11.924,yellow
171,-72.418,7.868,blue
171,-76.984,7.311,yellow
171,-71.983,5.211,blue
171,-76.487,4.279,yellow
171,-71.332,2.623,blue
171,-75.741,1.311,yellow
171,-70.47,0.13,blue
171,-74.746,-1.566,yellow
171,-69.401,-2.243,blue
171,-73.502,-4.326,yellow
171,-67.419,-5.531,blue
171,-71.171,-8.192,yellow
171,-64.998,-8.436,blue
171,-68.288,-11.652,yellow
171,-72.418,7.868,blue
172,-72.555,14.634,blue
172,-77.14,15.005,yellow
172,-72.637,10.567,blue
172,-77.233,10.382,yellow
172,-72.227,6.532,blue
172,-76.767,5.788,yellow
172,-71.684,3.906,blue
172,-76.145,2.785,yellow
172,-70.927,1.363,blue
172,-75.275,-0.14,yellow
172,-69.961,-1.073,blue
172,-74.155,-2.962,yellow
172,-68.79,-3.378,blue
172,-72.787,-5.655,yellow
172,-66.66,-6.544,blue
172,-70.271,-9.395,yellow
172,-64.096,-9.311,blue
172,-67.207,-12.7,yellow
173,-72.637,13.281,blue
173,-77.233,13.466,yellow
173,-72.555,9.214,blue
173,-77.14,8.843,yellow
173,-71.983,5.211,blue
173,-76.487,4.279,yellow
173,-71.332,2.623,blue
173,-75.741,1.311,yellow
173,-70.47,0.13,blue
173,-74.746,-1.566,yellow
173,-69.401,-2.243,blue
173,-73.502,-4.326,yellow
173,-68.129,-4.474,blue
173,-72.01,-6.945,yellow
173,-65.853,-7.514,blue
173,-69.31,-10.549,yellow
173,-63.146,-10.137,blue
173,-66.067,-13.69,yellow
174,-72.664,11.924,blue
174,-77.264,11.924,yellow
174,-72.418,7.868,blue
174,-76.984,7.311,yellow
174,-71.684,3.906,blue
174,-76.145,2.785,yellow
174,-70.927,1.363,blue
174,-75.275,-0.14,yellow
174,-69.961,-1.073,blue
174,-74.155,-2.962,yellow
174,-68.79,-3.378,blue
174,-72.787,-5.655,yellow
174,-67.419,-5.531,blue
174,-71.171,-8.192,yellow
174,-64.998,-8.436,blue
174,-68.288,-11.652,yellow
174,-62.149,-10.911,blue
174,-64.87,-14.62,yellow
174,-71.684,3.906,blue
175,-72.637,10.567,blue
175,-77.233,10.382,yellow
175,-72.227,6.532,blue
175,-76.767,5.788,yellow
175,-71.332,2.623,blue
175,-75.741,1.311,yellow
175,-70.47,0.13,blue
175,-74.746,-1.566,yellow
175,-69.401,-2.243,blue
175,-73.502,-4.326,yellow
175,-68.129,-4.474,blue
175,-72.01,-6.945,yellow
175,-66.66,-6.544,blue
175,-70.271,-9.395,yellow
175,-64.096,-9.311,blue
175,-67.207,-12.7,yellow
175,-61.105,-11.633,blue
175,-63.616,-15.487,yellow
175,-68.129,-4.474,blue
176,-72.418,7.868,blue
176,-76.984,7.311,yellow
176,-71.684,3.906,blue
176,-76.145,2.785,yellow
176,-70.47,0.13,blue
176,-74.746,-1.566,yellow
176,-69.401,-2.243,blue
176,-73.502,-4.326,yellow
176,-68.129,-4.474,blue
176,-72.01,-6.945,yellow
176,-66.66,-6.544,blue
176,-70.271,-9.395,yellow
176,-64.998,-8.436,blue
176,-68.288,-11.652,yellow
176,-62.149,-10.911,blue
176,-64.87,-14.62,yellow
176,-58.876,-12.915,blue
176,-60.946,-17.023,yellow
177,-72.227,6.532,blue
177,-76.767,5.788,yellow
177,-71.332,2.623,blue
177,-75.741,1.311,yellow
177,-69.961,-1.073,blue
177,-74.155,-2.962,yellow
177,-68.79,-3.378,blue
177,-72.787,-5.655,yellow
177,-67.419,-5.531,blue
177,-71.171,-8.192,yellow
177,-65.853,-7.514,blue
177,-69.31,-10.549,yellow
177,-64.096,-9.311,blue
177,-67.207,-12.7,yellow
177,-61.105,-11.633,blue
177,-63.616,-15.487,yellow
177,-57.69,-13.472,blue
177,-59.532,-17.687,yellow
177,-69.961,-1.073,blue
178,-71.983,5.211,blue
178,-76.487,4.279,yellow
178,-70.927,1.363,blue
178,-75.275,-0.14,yellow
178,-69.401,-2.243,blue
178,-73.502,-4.326,yellow
178,-68.129,-4.474,blue
178,-72.01,-6.945,yellow
178,-66.66,-6.544,blue
178,-70.271,-9.395,yellow
178,-64.998,-8.436,blue
178,-68.288,-11.652,yellow
178,-63.146,-10.137,blue
178,-66.067,-13.69,yellow
178,-60.014,-12.301,blue
178,-62.308,-16.289,yellow
178,-56.456,-13.973,blue
178,-58.069,-18.28,yellow
179,-71.684,3.906,blue
179,-76.145,2.785,yellow
179,-70.47,0.13,blue
179,-74.746,-1.566,yellow
179,-68.79,-3.378,blue
179,-72.787,-5.655,yellow
179,-67.419,-5.531,blue
179,-71.171,-8.192,yellow
179,-65.853,-7.514,blue
179,-69.31,-10.549,yellow
179,-64.096,-9.311,blue
179,-67.207,-12.7,yellow
179,-62.149,-10.911,blue
179,-64.87,-14.62,yellow
179,-58.876,-12.915,blue
179,-60.946,-17.023,yellow
179,-55.174,-14.414,blue
179,-56.558,-18.801,yellow
180,-71.332,2.623,blue
180,-75.741,1.311,yellow
180,-69.961,-1.073,blue
180,-74.155,-2.962,yellow
180,-68.129,-4.474,blue
180,-72.01,-6.945,yellow
180,-66.66,-6.544,blue
180,-70.271,-9.395,yellow
180,-64.998,-8.436,blue
180,-68.288,-11.652,yellow
180,-63.146,-10.137,blue
180,-66.067,-13.69,yellow
180,-61.105,-11.633,blue
180,-63.616,-15.487,yellow
180,-57.69,-13.472,blue
180,-59.532,-17.687,yellow
180,-53.844,-14.796,blue
180,-55,-19.248,yellow
180,-68.129,-4.474,blue
181,-70.927,1.363,blue
181,-75.275,-0.14,yellow
181,-69.401,-2.243,blue
181,-73.502,-4.326,yellow
181,-67.419,-5.531,blue
181,-71.171,-8.192,yellow
181,-65.853,-7.514,blue
181,-69.31,-10.549,yellow
181,-64.096,-9.311,blue
181,-67.207,-12.7,yellow
181,-62.149,-10.911,blue
181,-64.87,-14.62,yellow
181,-60.014,-12.301,blue
181,-62.308,-16.289,yellow
181,-56.456,-13.973,blue
181,-58.069,-18.28,yellow
181,-52.466,-15.117,blue
181,-53.397,-19.622,yellow
182,-69.961,-1.073,blue
182,-74.155,-2.962,yellow
182,-68.129,-4.474,blue
182,-72.01,-6.945,yellow
182,-65.853,-7.514,blue
182,-69.31,-10.549,yellow
182,-64.096,-9.311,blue
182,-67.207,-12.7,yellow
182,-62.149,-10.911,blue
182,-64.87,-14.62,yellow
182,-60.014,-12.301,blue
182,-62.308,-16.289,yellow
182,-57.69,-13.472,blue
182,-59.532,-17.687,yellow
182,-53.844,-14.796,blue
182,-55,-19.248,yellow
182,-49.566,-15.571,blue
182,-50.064,-20.144,yellow
182,-60.014,-12.301,blue
183,-69.401,-2.243,blue
183,-73.502,-4.326,yellow
183,-67.419,-5.531,blue
183,-71.171,-8.192,yellow
183,-64.998,-8.436,blue
183,-68.288,-11.652,yellow
183,-63.146,-10.137,blue
183,-66.067,-13.69,yellow
183,-61.105,-11.633,blue
183,-63.616,-15.487,yellow
183,-58.876,-12.915,blue
183,-60.946,-17.023,yellow
183,-56.456,-13.973,blue
183,-58.069,-18.28,yellow
183,-52.466,-15.117,blue
183,-53.397,-19.622,yellow
183,-48.044,-15.702,blue
183,-48.337,-20.293,yellow
183,-64.998,-8.436,blue
184,-68.79,-3.378,blue
184,-72.787,-5.655,yellow
184,-66.66,-6.544,blue
184,-70.271,-9.395,yellow
184,-64.096,-9.311,blue
184,-67.207,-12.7,yellow
184,-62.149,-10.911,blue
184,-64.87,-14.62,yellow
184,-60.014,-12.301,blue
184,-62.308,-16.289,yellow
184,-57.69,-13.472,blue
184,-59.532,-17.687,yellow
184,-55.174,-14.414,blue
184,-56.558,-18.801,yellow
184,-51.04,-15.375,blue
184,-51.752,-19.92,yellow
184,-46.476,-15.768,blue
184,-46.572,-20.367,yellow
185,-68.129,-4.474,blue
185,-72.01,-6.945,yellow
185,-65.853,-7.514,blue
185,-69.31,-10.549,yellow
185,-63.146,-10.137,blue
185,-66.067,-13.69,yellow
185,-61.105,-11.633,blue
185,-63.616,-15.487,yellow
185,-58.876,-12.915,blue
185,-60.946,-17.023,yellow
185,-56.456,-13.973,blue
185,-58.069,-18.28,yellow
185,-53.844,-14.796,blue
185,-55,-19.248,yellow
185,-49.566,-15.571,blue
185,-50.064,-20.144,yellow
185,-44.862,-15.768,blue
185,-44.769,-20.367,yellow
186,-67.419,-5.531,blue
186,-71.171,-8.192,yellow
186,-64.998,-8.436,blue
186,-68.288,-11.652,yellow
186,-62.149,-10.911,blue
186,-64.87,-14.62,yellow
186,-60.014,-12.301,blue
186,-62.308,-16.289,yellow
186,-57.69,-13.472,blue
186,-59.532,-17.687,yellow
186,-55.174,-14.414,blue
186,-56.558,-18.801,yellow
186,-52.466,-15.117,blue
186,-53.397,-19.622,yellow
186,-48.044,-15.702,blue
186,-48.337,-20.293,yellow
186,-43.202,-15.701,blue
186,-42.929,-20.293,yellow
186,-62.149,-10.911,blue
187,-65.853,-7.514,blue
187,-69.31,-10.549,yellow
187,-63.146,-10.137,blue
187,-66.067,-13.69,yellow
187,-60.014,-12.301,blue
187,-62.308,-16.289,yellow
187,-57.69,-13.472,blue
187,-59.532,-17.687,yellow
187,-55.174,-14.414,blue
187,-56.558,-18.801,yellow
187,-52.466,-15.117,blue
187,-53.397,-19.622,yellow
187,-49.566,-15.571,blue
187,-50.064,-20.144,yellow
187,-44.862,-15.768,blue
187,-44.769,-20.367,yellow
187,-39.75,-15.368,blue
187,-39.147,-19.928,yellow
188,-64.998,-8.436,blue
188,-68.288,-11.652,yellow
188,-62.149,-10.911,blue
188,-64.87,-14.62,yellow
188,-58.876,-12.915,blue
188,-60.946,-17.023,yellow
188,-56.456,-13.973,blue
188,-58.069,-18.28,yellow
188,-53.844,-14.796,blue
188,-55,-19.248,yellow
188,-51.04,-15.375,blue
188,-51.752,-19.92,yellow
188,-48.044,-15.702,blue
188,-48.337,-20.293,yellow
188,-43.202,-15.701,blue
188,-42.929,-20.293,yellow
188,-37.959,-15.1,blue
188,-37.206,-19.638,yellow
189,-64.096,-9.311,blue
189,-67.207,-12.7,yellow
189,-61.105,-11.633,blue
189,-63.616,-15.487,yellow
189,-57.69,-13.472,blue
189,-59.532,-17.687,yellow
189,-55.174,-14.414,blue
189,-56.558,-18.801,yellow
189,-52.466,-15.117,blue
189,-53.397,-19.622,yellow
189,-49.566,-15.571,blue
189,-50.064,-20.144,yellow
189,-46.476,-15.768,blue
189,-46.572,-20.367,yellow
189,-41.497,-15.568,blue
189,-41.055,-20.147,yellow
189,-36.128,-14.766,blue
189,-35.233,-19.278,yellow
189,-57.69,-13.472,blue
189,-49.566,-15.571,blue
190,-63.146,-10.137,blue
190,-66.067,-13.69,yellow
190,-60.014,-12.301,blue
190,-62.308,-16.289,yellow
190,-56.456,-13.973,blue
190,-58.069,-18.28,yellow
190,-53.844,-14.796,blue
190,-55,-19.248,yellow
190,-51.04,-15.375,blue
190,-51.752,-19.92,yellow
190,-48.044,-15.702,blue
190,-48.337,-20.293,yellow
190,-44.862,-15.768,blue
190,-44.769,-20.367,yellow
190,-39.75,-15.368,blue
190,-39.147,-19.928,yellow
190,-34.256,-14.366,blue
190,-33.229,-18.85,yellow
191,-62.149,-10.911,blue
191,-64.87,-14.62,yellow
191,-58.876,-12.915,blue
191,-60.946,-17.023,yellow
191,-55.174,-14.414,blue
191,-56.558,-18.801,yellow
191,-52.466,-15.117,blue
191,-53.397,-19.622,yellow
191,-49.566,-15.571,blue
191,-50.064,-20.144,yellow
191,-46.476,-15.768,blue
191,-46.572,-20.367,yellow
191,-43.202,-15.701,blue
191,-42.929,-20.293,yellow
191,-37.959,-15.1,blue
191,-37.206,-19.638,yellow
191,-32.346,-13.9,blue
191,-31.195,-18.353,yellow
192,-61.105,-11.633,blue
192,-63.616,-15.487,yellow
192,-57.69,-13.472,blue
192,-59.532,-17.687,yellow
192,-53.844,-14.796,blue
192,-55,-19.248,yellow
192,-51.04,-15.375,blue
192,-51.752,-19.92,yellow
192,-48.044,-15.702,blue
192,-48.337,-20.293,yellow
192,-44.862,-15.768,blue
192,-44.769,-20.367,yellow
192,-41.497,-15.568,blue
192,-41.055,-20.147,yellow
192,-36.128,-14.766,blue
192,-35.233,-19.278,yellow
192,-30.399,-13.369,blue
192,-29.132,-17.791,yellow
192,-53.844,-14.796,blue
193,-58.876,-12.915,blue
193,-60.946,-17.023,yellow
193,-55.174,-14.414,blue
193,-56.558,-18.801,yellow
193,-51.04,-15.375,blue
193,-51.752,-19.92,yellow
193,-48.044,-15.702,blue
193,-48.337,-20.293,yellow
193,-44.862,-15.768,blue
193,-44.769,-20.367,yellow
193,-41.497,-15.568,blue
193,-41.055,-20.147,yellow
193,-37.959,-15.1,blue
193,-37.206,-19.638,yellow
193,-32.346,-13.9,blue
193,-31.195,-18.353,yellow
193,-26.397,-12.116,blue
193,-24.923,-16.474,yellow
194,-57.69,-13.472,blue
194,-59.532,-17.687,yellow
194,-53.844,-14.796,blue
194,-55,-19.248,yellow
194,-49.566,-15.571,blue
194,-50.064,-20.144,yellow
194,-46.476,-15.768,blue
194,-46.572,-20.367,yellow
194,-43.202,-15.701,blue
194,-42.929,-20.293,yellow
194,-39.75,-15.368,blue
194,-39.147,-19.928,yellow
194,-36.128,-14.766,blue
194,-35.233,-19.278,yellow
194,-30.399,-13.369,blue
194,-29.132,-17.791,yellow
194,-24.346,-11.398,blue
194,-22.779,-15.723,yellow
195,-56.456,-13.973,blue
195,-58.069,-18.28,yellow
195,-52.466,-15.117,blue
195,-53.397,-19.622,yellow
195,-48.044,-15.702,blue
195,-48.337,-20.293,yellow
195,-44.862,-15.768,blue
195,-44.769,-20.367,yellow
195,-41.497,-15.568,blue
195,-41.055,-20.147,yellow
195,-37.959,-15.1,blue
195,-37.206,-19.638,yellow
195,-34.256,-14.366,blue
195,-33.229,-18.85,yellow
195,-28.415,-12.774,blue
195,-27.041,-17.164,yellow
195,-22.263,-10.619,blue
195,-20.61,-14.912,yellow
195,-48.044,-15.702,blue
196,-55.174,-14.414,blue
196,-56.558,-18.801,yellow
196,-51.04,-15.375,blue
196,-51.752,-19.92,yellow
196,-46.476,-15.768,blue
196,-46.572,-20.367,yellow
196,-43.202,-15.701,blue
196,-42.929,-20.293,yellow
196,-39.75,-15.368,blue
196,-39.147,-19.928,yellow
196,-36.128,-14.766,blue
196,-35.233,-19.278,yellow
196,-32.346,-13.9,blue
196,-31.195,-18.353,yellow
196,-26.397,-12.116,blue
196,-24.923,-16.474,yellow
196,-20.149,-9.783,blue
196,-18.417,-14.044,yellow
196,-36.128,-14.766,blue
197,-53.844,-14.796,blue
197,-55,-19.248,yellow
197,-49.566,-15.571,blue
197,-50.064,-20.144,yellow
197,-44.862,-15.768,blue
197,-44.769,-20.367,yellow
197,-41.497,-15.568,blue
197,-41.055,-20.147,yellow
197,-37.959,-15.1,blue
197,-37.206,-19.638,yellow
197,-34.256,-14.366,blue
197,-33.229,-18.85,yellow
197,-30.399,-13.369,blue
197,-29.132,-17.791,yellow
197,-24.346,-11.398,blue
197,-22.779,-15.723,yellow
197,-18.007,-8.89,blue
197,-16.202,-13.121,yellow
198,-51.04,-15.375,blue
198,-51.752,-19.92,yellow
198,-46.476,-15.768,blue
198,-46.572,-20.367,yellow
198,-41.497,-15.568,blue
198,-41.055,-20.147,yellow
198,-37.959,-15.1,blue
198,-37.206,-19.638,yellow
198,-34.256,-14.366,blue
198,-33.229,-18.85,yellow
198,-30.399,-13.369,blue
198,-29.132,-17.791,yellow
198,-26.397,-12.116,blue
198,-24.923,-16.474,yellow
198,-20.149,-9.783,blue
198,-18.417,-14.044,yellow
198,-13.641,-6.945,blue
198,-11.706,-11.118,yellow
198,-41.497,-15.568,blue
199,-49.566,-15.571,blue
199,-50.064,-20.144,yellow
199,-44.862,-15.768,blue
199,-44.769,-20.367,yellow
199,-39.75,-15.368,blue
199,-39.147,-19.928,yellow
199,-36.128,-14.766,blue
199,-35.233,-19.278,yellow
199,-32.346,-13.9,blue
199,-31.195,-18.353,yellow
199,-28.415,-12.774,blue
199,-27.041,-17.164,yellow
199,-24.346,-11.398,blue
199,-22.779,-15.723,yellow
199,-18.007,-8.89,blue
199,-16.202,-13.121,yellow
199,-11.42,-5.896,blue
199,-9.429,-10.043,yellow
200,-48.044,-15.702,blue
200,-48.337,-20.293,yellow
200,-43.202,-15.701,blue
200,-42.929,-20.293,yellow
200,-37.959,-15.1,blue
200,-37.206,-19.638,yellow
200,-34.256,-14.366,blue
200,-33.229,-18.85,yellow
200,-30.399,-13.369,blue
200,-29.132,-17.791,yellow
200,-26.397,-12.116,blue
200,-24.923,-16.474,yellow
200,-22.263,-10.619,blue
200,-20.61,-14.912,yellow
200,-15.837,-7.943,blue
200,-13.964,-12.145,yellow
200,-9.177,-4.801,blue
200,-7.133,-8.922,yellow
201,-46.476,-15.768,blue
201,-46.572,-20.367,yellow
201,-41.497,-15.568,blue
201,-41.055,-20.147,yellow
201,-36.128,-14.766,blue
201,-35.233,-19.278,yellow
201,-32.346,-13.9,blue
201,-31.195,-18.353,yellow
201,-28.415,-12.774,blue
201,-27.041,-17.164,yellow
201,-24.346,-11.398,blue
201,-22.779,-15.723,yellow
201,-20.149,-9.783,blue
201,-18.417,-14.044,yellow
201,-13.641,-6.945,blue
201,-11.706,-11.118,yellow
201,-6.911,-3.661,blue
201,-4.82,-7.758,yellow
201,-36.128,-14.766,blue
202,-44.862,-15.768,blue
202,-44.769,-20.367,yellow
202,-39.75,-15.368,blue
202,-39.147,-19.928,yellow
202,-34.256,-14.366,blue
202,-33.229,-18.85,yellow
202,-30.399,-13.369,blue
202,-29.132,-17.791,yellow
202,-26.397,-12.116,blue
202,-24.923,-16.474,yellow
202,-22.263,-10.619,blue
202,-20.61,-14.912,yellow
202,-18.007,-8.89,blue
202,-16.202,-13.121,yellow
202,-11.42,-5.896,blue
202,-9.429,-10.043,yellow
202,-4.626,-2.479,blue
202,-2.491,-6.554,yellow
203,-43.202,-15.701,blue
203,-42.929,-20.293,yellow
203,-37.959,-15.1,blue
203,-37.206,-19.638,yellow
203,-32.346,-13.9,blue
203,-31.195,-18.353,yellow
203,-28.415,-12.774,blue
203,-27.041,-17.164,yellow
203,-24.346,-11.398,blue
203,-22.779,-15.723,yellow
203,-20.149,-9.783,blue
203,-18.417,-14.044,yellow
203,-15.837,-7.943,blue
203,-13.964,-12.145,yellow
203,-9.177,-4.801,blue
203,-7.133,-8.922,yellow
203,-2.321,-1.258,blue
203,-0.148,-5.312,yellow
203,-20.149,-9.783,blue
204,-39.75,-15.368,blue
204,-39.147,-19.928,yellow
204,-34.256,-14.366,blue
204,-33.229,-18.85,yellow
204,-28.415,-12.774,blue
204,-27.041,-17.164,yellow
204,-24.346,-11.398,blue
204,-22.779,-15.723,yellow
204,-20.149,-9.783,blue
204,-18.417,-14.044,yellow
204,-15.837,-7.943,blue
204,-13.964,-12.145,yellow
204,-11.42,-5.896,blue
204,-9.429,-10.043,yellow
204,-4.626,-2.479,blue
204,-2.491,-6.554,yellow
204,2.338,1.291,blue
204,4.577,-2.727,yellow
204,-28.415,-12.774,blue
205,-37.959,-15.1,blue
205,-37.206,-19.638,yellow
205,-32.346,-13.9,blue
205,-31.195,-18.353,yellow
205,-26.397,-12.116,blue
205,-24.923,-16.474,yellow
205,-22.263,-10.619,blue
205,-20.61,-14.912,yellow
205,-18.007,-8.89,blue
205,-16.202,-13.121,yellow
205,-13.641,-6.945,blue
205,-11.706,-11.118,yellow
205,-9.177,-4.801,blue
205,-7.133,-8.922,yellow
205,-2.321,-1.258,blue
205,-0.148,-5.312,yellow
205,4.69,2.613,blue
205,6.957,-1.39,yellow
206,-36.128,-14.766,blue
206,-35.233,-19.278,yellow
206,-30.399,-13.369,blue
206,-29.132,-17.791,yellow
206,-24.346,-11.398,blue
206,-22.779,-15.723,yellow
206,-20.149,-9.783,blue
206,-18.417,-14.044,yellow
206,-15.837,-7.943,blue
206,-13.964,-12.145,yellow
206,-11.42,-5.896,blue
206,-9.429,-10.043,yellow
206,-6.911,-3.661,blue
206,-4.82,-7.758,yellow
206,0,0,blue
206,2.208,-4.035,yellow
206,7.055,3.961,blue
206,9.346,-0.028,yellow
207,-34.256,-14.366,blue
207,-33.229,-18.85,yellow
207,-28.415,-12.774,blue
207,-27.041,-17.164,yellow
207,-22.263,-10.619,blue
207,-20.61,-14.912,yellow
207,-18.007,-8.89,blue
207,-16.202,-13.121,yellow
207,-13.641,-6.945,blue
207,-11.706,-11.118,yellow
207,-9.177,-4.801,blue
207,-7.133,-8.922,yellow
207,-4.626,-2.479,blue
207,-2.491,-6.554,yellow
207,2.338,1.291,blue
207,4.577,-2.727,yellow
207,9.432,5.334,blue
207,11.743,1.357,yellow
207,-22.263,-10.619,blue
208,-32.346,-13.9,blue
208,-31.195,-18.353,yellow
208,-26.397,-12.116,blue
208,-24.923,-16.474,yellow
208,-20.149,-9.783,blue
208,-18.417,-14.044,yellow
208,-15.837,-7.943,blue
208,-13.964,-12.145,yellow
208,-11.42,-5.896,blue
208,-9.429,-10.043,yellow
208,-6.911,-3.661,blue
208,-4.82,-7.758,yellow
208,-2.321,-1.258,blue
208,-0.148,-5.312,yellow
208,4.69,2.613,blue
208,6.957,-1.39,yellow
208,11.818,6.728,blue
208,14.146,2.761,yellow
209,-28.415,-12.774,blue
209,-27.041,-17.164,yellow
209,-22.263,-10.619,blue
209,-20.61,-14.912,yellow
209,-15.837,-7.943,blue
209,-13.964,-12.145,yellow
209,-11.42,-5.896,blue
209,-9.429,-10.043,yellow
209,-6.911,-3.661,blue
209,-4.82,-7.758,yellow
209,-2.321,-1.258,blue
209,-0.148,-5.312,yellow
209,2.338,1.291,blue
209,4.577,-2.727,yellow
209,9.432,5.334,blue
209,11.743,1.357,yellow
209,16.616,9.566,blue
209,18.969,5.613,yellow
210,-26.397,-12.116,blue
210,-24.923,-16.474,yellow
210,-20.149,-9.783,blue
210,-18.417,-14.044,yellow
210,-13.641,-6.945,blue
210,-11.706,-11.118,yellow
210,-9.177,-4.801,blue
210,-7.133,-8.922,yellow
210,-4.626,-2.479,blue
210,-2.491,-6.554,yellow
210,0,0,blue
210,2.208,-4.035,yellow
210,4.69,2.613,blue
210,6.957,-1.39,yellow
210,11.818,6.728,blue
210,14.146,2.761,yellow
210,19.024,11.003,blue
210,21.385,7.055,yellow
210,-13.641,-6.945,blue
210,0,0,blue
211,-24.346,-11.398,blue
211,-22.779,-15.723,yellow
211,-18.007,-8.89,blue
211,-16.202,-13.121,yellow
211,-11.42,-5.896,blue
211,-9.429,-10.043,yellow
211,-6.911,-3.661,blue
211,-4.82,-7.758,yellow
211,-2.321,-1.258,blue
211,-0.148,-5.312,yellow
211,2.338,1.291,blue
211,4.577,-2.727,yellow
211,7.055,3.961,blue
211,9.346,-0.028,yellow
211,14.214,8.14,blue
211,16.556,4.181,yellow
211,21.437,12.447,blue
211,23.802,8.502,yellow
212,-22.263,-10.619,blue
212,-20.61,-14.912,yellow
212,-15.837,-7.943,blue
212,-13.964,-12.145,yellow
212,-9.177,-4.801,blue
212,-7.133,-8.922,yellow
212,-4.626,-2.479,blue
212,-2.491,-6.554,yellow
212,0,0,blue
212,2.208,-4.035,yellow
212,4.69,2.613,blue
212,6.957,-1.39,yellow
212,9.432,5.334,blue
212,11.743,1.357,yellow
212,16.616,9.566,blue
212,18.969,5.613,yellow
212,23.853,13.896,blue
212,26.219,9.952,yellow
213,-20.149,-9.783,blue
213,-18.417,-14.044,yellow
213,-13.641,-6.945,blue
213,-11.706,-11.118,yellow
213,-6.911,-3.661,blue
213,-4.82,-7.758,yellow
213,-2.321,-1.258,blue
213,-0.148,-5.312,yellow
213,2.338,1.291,blue
213,4.577,-2.727,yellow
213,7.055,3.961,blue
213,9.346,-0.028,yellow
213,11.818,6.728,blue
213,14.146,2.761,yellow
213,19.024,11.003,blue
213,21.385,7.055,yellow
213,26.27,15.346,blue
213,28.635,11.401,yellow
213,-6.911,-3.661,blue
214,-18.007,-8.89,blue
214,-16.202,-13.121,yellow
214,-11.42,-5.896,blue
214,-9.429,-10.043,yellow
214,-4.626,-2.479,blue
214,-2.491,-6.554,yellow
214,0,0,blue
214,2.208,-4.035,yellow
214,4.69,2.613,blue
214,6.957,-1.39,yellow
214,9.432,5.334,blue
214,11.743,1.357,yellow
214,14.214,8.14,blue
214,16.556,4.181,yellow
214,21.437,12.447,blue
214,23.802,8.502,yellow
214,28.687,16.793,blue
214,31.048,12.845,yellow
215,-13.641,-6.945,blue
215,-11.706,-11.118,yellow
215,-6.911,-3.661,blue
215,-4.82,-7.758,yellow
215,0,0,blue
215,2.208,-4.035,yellow
215,4.69,2.613,blue
215,6.957,-1.39,yellow
215,9.432,5.334,blue
215,11.743,1.357,yellow
215,14.214,8.14,blue
215,16.556,4.181,yellow
215,19.024,11.003,blue
215,21.385,7.055,yellow
215,26.27,15.346,blue
215,28.635,11.401,yellow
215,33.516,19.667,blue
215,35.858,15.708,yellow
216,-11.42,-5.896,blue
216,-9.429,-10.043,yellow
216,-4.626,-2.479,blue
216,-2.491,-6.554,yellow
216,2.338,1.291,blue
216,4.577,-2.727,yellow
216,7.055,3.961,blue
216,9.346,-0.028,yellow
216,11.818,6.728,blue
216,14.146,2.761,yellow
216,16.616,9.566,blue
216,18.969,5.613,yellow
216,21.437,12.447,blue
216,23.802,8.502,yellow
216,28.687,16.793,blue
216,31.048,12.845,yellow
216,35.926,21.087,blue
216,38.254,17.12,yellow
216,2.338,1.291,blue
217,-9.177,-4.801,blue
217,-7.133,-8.922,yellow
217,-2.321,-1.258,blue
217,-0.148,-5.312,yellow
217,4.69,2.613,blue
217,6.957,-1.39,yellow
217,9.432,5.334,blue
217,11.743,1.357,yellow
217,14.214,8.14,blue
217,16.556,4.181,yellow
217,19.024,11.003,blue
217,21.385,7.055,yellow
217,23.853,13.896,blue
217,26.219,9.952,yellow
217,31.103,18.235,blue
217,33.456,14.282,yellow
217,38.329,22.491,blue
217,40.64,18.514,yellow
217,40.726,-0.028,blue
217,43.017,3.961,yellow
217,26.27,8.502,blue
217,28.635,12.447,yellow
217,19.024,11.003,blue
218,-6.911,-3.661,blue
218,-4.82,-7.758,yellow
218,0,0,blue
218,2.208,-4.035,yellow
218,7.055,3.961,blue
218,9.346,-0.028,yellow
218,11.818,6.728,blue
218,14.146,2.761,yellow
218,16.616,9.566,blue
218,18.969,5.613,yellow
218,21.437,12.447,blue
218,23.802,8.502,yellow
218,26.27,15.346,blue
218,28.635,11.401,yellow
218,33.516,19.667,blue
218,35.858,15.708,yellow
218,40.726,23.876,blue
218,43.017,19.887,yellow
218,38.329,1.357,blue
218,40.64,5.334,yellow
218,23.853,9.952,blue
218,26.219,13.896,yellow
219,-4.626,-2.479,blue
219,-2.491,-6.554,yellow
219,2.338,1.291,blue
219,4.577,-2.727,yellow
219,9.432,5.334,blue
219,11.743,1.357,yellow
219,14.214,8.14,blue
219,16.556,4.181,yellow
219,19.024,11.003,blue
219,21.385,7.055,yellow
219,23.853,13.896,blue
219,26.219,9.952,yellow
219,28.687,16.793,blue
219,31.048,12.845,yellow
219,35.926,21.087,blue
219,38.254,17.12,yellow
219,43.115,25.238,blue
219,45.382,21.235,yellow
219,35.926,2.761,blue
219,38.254,6.728,yellow
219,21.437,11.401,blue
219,23.802,15.346,yellow
219,9.432,5.334,blue
